word	word_with_punct	word_index_in_text	word_index_in_sent	sent_index_in_text	word_limit_char_indices	text_id	text_id_numeric	text_domain	text_domain_numeric	word_length	STTS_punctuation_before	STTS_punctuation_after	is_in_quote	is_in_parentheses	is_clause_beginning	is_sent_beginning	is_clause_end	is_sent_end	is_abbreviation	is_expert_technical_term	is_general_technical_term	contains_symbol	contains_hyphen	contains_abbreviation	STTS_PoS_tag	type	type_length_chars	PoS_tag	lemma	lemma_length_chars	syllables	type_length_syllables	annotated_type_frequency_normalized	type_frequency_normalized	lemma_frequency_normalized	familiarity_normalized	regularity_normalized	document_frequency_normalized	sentence_frequency_normalized	cumulative_syllable_corpus_frequency_normalized	cumulative_syllable_lexicon_frequency_normalized	cumulative_character_corpus_frequency_normalized	cumulative_character_lexicon_frequency_normalized	cumulative_character_bigram_corpus_frequency_normalized	cumulative_character_bigram_lexicon_frequency_normalized	cumulative_character_trigram_corpus_frequency_normalized	cumulative_character_trigram_lexicon_frequency_normalized	initial_letter_frequency_normalized	initial_bigram_frequency_normalized	initial_trigram_frequency_normalized	avg_cond_prob_in_bigrams	avg_cond_prob_in_trigrams	neighbors_coltheart_higher_freq_cum_freq_normalized	neighbors_coltheart_higher_freq_count_normalized	neighbors_coltheart_all_cum_freq_normalized	neighbors_coltheart_all_count_normalized	neighbors_levenshtein_higher_freq_cum_freq_normalized	neighbors_levenshtein_higher_freq_count_normalized	neighbors_levenshtein_all_cum_freq_normalized	neighbors_levenshtein_all_count_normalized	sent_surprisal_llama-7b	text_surprisal_llama-7b	sent_surprisal_llama-13b	text_surprisal_llama-13b	sent_surprisal_gpt2-base	text_surprisal_gpt2-base	sent_surprisal_gpt2-large	text_surprisal_gpt2-large	sent_surprisal_bert-base	text_surprisal_bert-base
Wenn	Wenn	1	1	1	1,4	p1	7	physics	1	4			0	0	0	1	0	0	0	0	0	0	0	0	KOUS	Wenn	4.0	kous	wenn	4.0	wenn	1.0	502.87363428	503.127061729	2088.08685224	508.669765289	2.9966009983	1427.22069539	953.002428635	2101.8782105	31.2502675537	1731384.25988	3602743.17417	407457.627523	687914.708174	225220.704038	279920.204796	13240.8075713	4570.94826919	612.771221224	0.00890783789423	0.0206676372901	2249.96159144	0.856171713799	2509.25874703	17.123434276	2249.96159144	0.856171713799	2515.39005628	20.5481211312	23.83024978637696	23.477684020996094	16.676496505737305	16.62129020690918	4.611686706542969	4.611688137054443	4.716205596923828	4.716204643249512	0.946418285369873	2.0649092197418213
ein	ein	2	2	1	5,7	p1	7	physics	1	3			0	0	0	0	0	0	0	0	0	0	0	0	ART	ein	3.0	art	eine	4.0	ein	1.0	4621.55200817	4999.44503476	17543.4333976	4999.44503476	0.428085856899	5809.23325181	8404.82933604	11022.7206128	11717.9941609	1614569.79583	3344143.78548	401662.305848	493686.589782	324158.412201	289382.186491	45007.5949345	21503.4825387	20569.6023896	0.0272545875843	0.196343258894	0.0	0.0	1145.39396797	31.6783534106	13165.4578681	0.428085856899	22077.4630101	57.7915906814	3.819390296936035	3.805850982666016	3.664574146270752	3.67974305152893	3.9155454635620117	3.915541887283325	3.918889045715332	3.9188976287841797	0.0017415608745068312	0.0013313962845131755
ruhendes	ruhendes	3	3	1	8,15	p1	7	physics	1	8			0	0	0	0	0	0	0	0	0	0	0	0	ADJA	ruhendes	8.0	adja	ruhend	6.0	ru-hen-des	3.0	0.359703475824	0.359703475824	7.7581499672	6.50736288081	5.56511613969	4.79060033786	0.682811008776	14063.1305924	14009.9658387	3234214.99135	6929830.30677	518841.517404	977817.018981	150671.74992	278863.260816	4443.89936651	505.792137482	149.121615966	0.00463499097727	0.156167895636	4.16929028796	0.856171713799	4.46359313181	2.1404292845	6.36021145888	1.2842575707	6.65451430274	2.5685151414	13.21139907836914	13.19416332244873	16.093585968017578	16.155155181884766	13.947380065917969	13.947379112243652	14.883593559265137	14.883610725402832	2.324428429827094	3.3002259073546156
Atom	Atom	4	4	1	16,19	p1	7	physics	1	4			0	0	0	0	0	0	0	0	1	0	0	0	NN	Atom	4.0	nn	Atom	4.0	a-tom	2.0	3.0656546235	3.0656546235	10.6112525368	3.13923033446	1.7123434276	20.4230856509	5.40041434213	9726.23483485	36663.8413	522230.373775	1451030.83074	62763.8338135	119358.470535	52990.6822003	71550.698208	19822.5963712	307.162243116	70.9596856852	0.0116412412533	0.117839640387	27.8034436654	0.428085856899	28.1140966672	4.70894442589	32.8311172479	0.856171713799	36.648879139	8.56171713799	10.871912956237791	10.925716400146484	6.538556098937988	6.625224113464356	10.812307357788086	10.81230640411377	7.909451484680176	7.9094438552856445	4.712849140167236	0.07907723635435104
ein	ein	5	5	1	20,22	p1	7	physics	1	3			0	0	0	0	0	0	0	0	0	0	0	0	ART	ein	3.0	art	eine	4.0	ein	1.0	4621.55200817	4999.44503476	17543.4333976	4999.44503476	0.428085856899	5809.23325181	8404.82933604	11022.7206128	11717.9941609	1614569.79583	3344143.78548	401662.305848	493686.589782	324158.412201	289382.186491	45007.5949345	21503.4825387	20569.6023896	0.0272545875843	0.196343258894	0.0	0.0	1145.39396797	31.6783534106	13165.4578681	0.428085856899	22077.4630101	57.7915906814	8.707716941833496	8.800321578979492	3.674836397171021	3.6879923343658447	4.064172744750977	4.064175605773926	4.136360168457031	4.136363506317139	0.19876107573509216	0.2096535563468933
Photon	Photon	6	6	1	23,28	p1	7	physics	1	6			0	0	0	0	0	0	0	1	0	0	0	0	NN	Photon	6.0	nn	Photon	6.0	pho-ton	2.0	0.04087539498	0.04087539498	0.277952685864	4.46359313181	15.4110908484	0.504273719775	0.0775921600881	529.687893387	3655.42513206	1203252.05133	3006413.15422	244396.839688	414859.716265	220143.358676	294427.178315	10343.3797233	496.832250902	50.0805339295	3.3684e-05	0.1006119042	2.4525236988	1.7123434276	2.46887385679	2.5685151414	4.4962934478	2.1404292845	4.54534392177	3.4246868552	6.5845441818237305	6.647922039031982	3.949251413345337	3.911456346511841	10.849345207214355	10.849345207214355	7.203192234039307	7.203197956085205	0.02859379258006811	0.005448781332233921
absorbiert	absorbiert,	7	7	1	29,38	p1	7	physics	1	10		$,	0	0	0	0	0	0	0	0	0	0	0	0	VVFIN	absorbiert	10.0	vvfin	absorbieren	11.0	ab-sor-biert	3.0	0.694881714659	1.80669245811	2.47704893579	46.1401458534	100.172090514	17.1453064724	3.41405504388	4645.44776408	13601.5719313	2886152.44379	7030717.72875	449131.539694	760763.3627	156919.79112	178832.010548	41334.1231877	4277.97796321	288.008033029	0.0600803138959	0.371036827896	0.0	0.0	0.228902211888	0.856171713799	0.0	0.0	0.425104107792	2.1404292845	1.9483563899993896	1.985343337059021	0.699600338935852	0.7234206795692444	6.657101154327393	6.657103538513184	4.6468706130981445	4.646901607513428	30.094861026809667	30.430985605916703
so	so	8	8	1	40,41	p1	7	physics	1	2			0	0	1	0	0	0	0	0	0	0	0	0	ADV	so	2.0	adv	so	2.0	so	1.0	2876.40154474	2881.65812053	3315.19890985	0.0	0.0	3533.31988603	5044.40599322	7559.98605233	8425.15774964	385490.57713	1127504.08822	67552.2555341	43642.0688533	67539.3225592	31723.3024255	48925.779496	8037.09183762	-0.00817507899599	0.0178285087072	0.131475681059	0.0	0.0	1397.905808	42.8085856899	0.0	0.0	1576.88281246	60.3601058228	1.963262796401977	1.9904762506484983	4.162389755249023	4.208338737487793	2.390319347381592	2.390317440032959	1.835462212562561	1.8354450464248657	0.9612962007522583	0.8450949788093567
nimmt	nimmt	9	9	1	42,46	p1	7	physics	1	5			0	0	0	0	0	0	0	0	0	0	0	0	VVFIN	nimmt	5.0	vvfin	nehmen	6.0	nimmt	1.0	112.807915066	112.807915066	699.917563321	113.355645358	5.56511613969	530.748090063	212.090410385	185.222764812	33.8187826951	1334205.47801	2986087.63774	148533.558008	177340.559423	121337.82519	93346.6896121	21439.2836433	8395.39737493	135.57551007	0.0252030862967	0.17884876726	0.0	0.0	4.78242121266	5.56511613969	0.0	0.0	14.339088559	7.70554542419	4.431338787078857	4.419135093688965	4.086295127868652	4.068198204040527	4.765313148498535	4.765311241149902	3.9927685260772705	3.992769718170166	0.4155421853065491	0.27351611852645874
es	es	10	10	1	47,48	p1	7	physics	1	2			0	0	0	0	0	0	0	0	0	0	0	0	PPER	es	2.0	pper	es	2.0	es	1.0	4482.240487	4482.240487	7209.6675672	0.0	0.0	4656.84173369	7605.13349731	6486.72898142	1792.39548284	1041972.78488	2352798.39725	160713.918858	229470.714647	137226.941427	157414.447041	45007.5949345	4564.40820599	-0.00817507899599	0.0578338146002	0.220031352121	4943.65829569	0.428085856899	6564.72741013	38.0996412641	12044.7362886	0.856171713799	13944.1259674	66.3533078194	0.6189841628074646	0.6325079202651978	0.3082655668258667	0.3105290234088897	0.5889981389045715	0.5890018343925476	0.627100944519043	0.6270930767059326	0.22420424222946167	0.23304122686386108
bei	bei	11	11	1	49,51	p1	7	physics	1	3			0	0	0	0	0	0	0	0	0	0	0	0	APPR	bei	3.0	appr	bei	3.0	bei	1.0	2135.91106436	2161.86694017	2489.87563473	2161.86694017	0.428085856899	4322.25612062	3715.43851209	5555.26048062	4566.8199214	1219263.07434	2569992.0376	157298.346328	245814.176491	54673.4895113	42554.7307768	20337.830725	14068.4280436	3488.24080696	0.0361569463119	0.220877330072	0.0	0.0	1512.16888713	28.2536665554	0.0	0.0	1895.89892012	38.0996412641	5.182232856750488	5.182007789611816	7.251465797424316	7.266634464263916	5.818451404571533	5.818443298339844	5.473640441894531	5.4736528396606445	2.225721597671509	1.9436640739440918
der	der	12	12	1	52,54	p1	7	physics	1	3			0	0	0	0	0	0	0	0	0	0	0	0	ART	der	3.0	art	d	1.0	der	1.0	24738.5901996	26530.3631386	80100.3069113	26530.3631386	0.428085856899	9372.80956103	30912.3596552	38163.5169	19310.096833	1332151.97174	2710999.66609	487983.455471	535760.152056	398226.025843	178781.068331	110461.430317	53801.2331077	27238.2432288	0.129811235347	0.318759302208	0.0	0.0	25590.4497812	36.8153836934	0.0	0.0	33289.1996244	55.22307554	0.9330723881721495	0.962307870388031	0.7917619347572327	0.7982256412506104	1.5253394842147827	1.525341272354126	1.726692795753479	1.7267132997512817	1.0034008026123047	1.3140850067138672
Absorption	Absorption	13	13	1	55,64	p1	7	physics	1	10			0	0	0	0	0	0	0	0	1	0	0	0	NN	Absorption	10.0	nn	Absorption	10.0	ab-sorp-ti-on	4.0	1.12816090145	1.12816090145	1.14451105944	59.8497533297	67.2094795332	7.1859005068	2.09498832238	17907.5677663	71726.2134094	2090898.01665	5287145.43789	308547.788205	585755.015026	243306.635678	357737.651863	19822.5963712	2837.67619554	632.791989685	0.0197971298905	0.134056031234	0.0	0.0	0.32700315984	0.856171713799	0.0	0.0	0.335178238836	1.2842575707	2.0085816383361816	2.0257792472839355	1.570584416389465	1.663440823554993	7.5817437171936035	7.581739902496338	3.968595027923584	3.968580722808838	0.018304552010675934	0.007198110073652231
den	den	14	14	1	65,67	p1	7	physics	1	3			0	0	0	0	0	0	0	0	0	0	0	0	ART	den	3.0	art	d	1.0	den	1.0	9532.82881596	9841.63424996	80100.3069113	9841.63424996	0.428085856899	7940.04185472	15266.5057923	23354.2468477	22159.4362965	1464587.59747	2838670.7078	583323.017065	738089.367203	513926.807063	462012.089145	110461.430317	53801.2331077	11287.0372669	0.0645632931127	0.22424070987	26530.3631386	0.428085856899	39507.1238333	37.6715554072	26530.3631386	0.428085856899	40560.2456847	58.6477623952	4.618495464324951	4.621086120605469	4.048306465148926	4.059275150299072	4.1992621421813965	4.199257850646973	4.017735481262207	4.017736911773682	1.475992202758789	1.393031358718872
Photonenimpuls	Photonenimpuls	15	15	1	68,81	p1	7	physics	1	14			0	0	0	0	0	0	0	1	0	0	0	0	NN	Photonenimpuls	14.0	nn	Photonenimpuls	14.0	pho-to-nen-im-puls	5.0																													6.589254856109619	6.632564544677734	4.862404823303223	4.854970455169678	14.987197875976562	14.987202644348145	10.91490650177002	10.914880752563477	0.3400207055892679	0.10962349167039065
auf	auf	16	16	1	82,84	p1	7	physics	1	3			0	0	0	0	0	0	0	0	0	0	0	0	PTKVZ	auf	3.0	ptkvz	auf	3.0	auf	1.0	499.309299838	5591.37797963	5914.8658555	5591.37797963	0.428085856899	6569.04767908	9351.09676518	8980.91288279	7572.83880855	489216.952266	1286948.94648	95233.9886234	112163.203452	83805.1382611	46267.0913278	41334.1231877	16266.7803613	7317.89743803	0.0692951484301	0.289895292654	0.0	0.0	3235.89246851	19.2638635605	0.0	0.0	3376.16047392	32.5345251244	1.4593275785446167	1.4428454637527466	0.3393051326274872	0.3292746543884277	0.8941128849983215	0.8941179513931274	0.771270751953125	0.7712734937667847	0.7769719958305359	0.7833350896835327
und	und	17	17	1	85,87	p1	7	physics	1	3			0	0	0	0	0	0	0	0	0	0	0	0	KON	und	3.0	kon	und	3.0	und	1.0	22313.7473183	22313.7473183	23398.5884761	22313.7473183	0.428085856899	9064.0679761	29467.6401896	23513.5137367	723.037012303	869972.90787	1656300.13956	195202.966651	251153.263298	160187.509171	58920.0250002	32509.3788389	28906.6542257	22352.5789435	0.120238001286	0.419307858966	0.0	0.0	2201.34439665	22.6885504157	0.0	0.0	2454.42031712	42.8085856899	1.1133573055267334	1.12626314163208	0.8825333118438721	0.8739101886749268	0.9706512689590454	0.9706504344940186	0.8265434503555298	0.8265387415885925	0.0008021951070986688	0.0005144941387698054
erfährt	erfährt	18	18	1	88,94	p1	7	physics	1	7			0	0	0	0	0	0	0	0	0	0	0	0	VVFIN	erfährt	7.0	vvfin	erfahren	8.0	er-fährt	2.0	18.5247290049	18.5247290049	134.153046324	167.540068944	19.2638635605	144.600489146	34.9164720397	18335.5985523	21988.2019538	2035397.09469	4801046.66992	344731.268272	557141.756351	155065.004672	116812.643944	45007.5949345	12349.7403108	736.043237404	0.0308242122087	0.216265079795	0.0	0.0	3.55615936326	2.1404292845	0.0	0.0	6.59728874977	3.8527727121	8.20421314239502	8.182400703430176	6.200318813323975	6.212335109710693	8.938882827758789	8.938879013061523	9.188719749450684	9.188703536987305	8.298055648803711	4.929497241973877
deshalb	deshalb	19	19	1	95,101	p1	7	physics	1	7			0	0	0	0	0	0	0	0	0	0	0	0	PAV	deshalb	7.0	adv	deshalb	7.0	des-halb	2.0	165.962278698	165.962278698	217.7268789	167.016863888	21.8323787019	787.675550289	311.65667021	10235.2561285	8575.84397127	1961002.59234	4449537.66727	315376.276364	359601.96577	182559.340425	39411.7244154	110461.430317	53801.2331077	7725.99738151	0.0057240684191	0.139436768851	0.0	0.0	87.9147995229	2.5685151414	0.0	0.0	87.9883752339	5.13703028279	5.121932029724121	5.144031524658203	5.159041881561279	5.1589884757995605	5.50270938873291	5.502714157104492	7.127171993255615	7.127162933349609	7.391812801361084	6.950521945953369
einen	einen	20	20	1	102,106	p1	7	physics	1	5			0	0	0	0	0	0	0	0	0	0	0	0	ART	einen	5.0	art	eine	4.0	ei-nen	2.0	1964.53688337	2019.39166343	17543.4333976	7303.86082739	14.1268332777	4198.07871713	3586.62000791	27432.3768297	26896.634389	2859514.55384	5933406.53601	624326.327506	955059.118657	461556.498907	499462.324164	45007.5949345	21503.4825387	20569.6023896	0.0187226863739	0.182841381842	2431.18674262	0.428085856899	5300.88472258	16.2672625622	7033.4700896	0.856171713799	11104.7330053	35.1030402658	2.1739463806152344	2.171687126159668	1.458840250968933	1.4833619594573977	2.5370092391967773	2.5370101928710938	2.648101806640625	2.64811372756958	0.1327352523803711	0.14320817589759827
Rückstoßimpuls	Rückstoßimpuls,	21	21	1	107,120	p1	7	physics	1	14		$,	0	0	0	0	1	0	0	0	1	0	0	0	NN	Rückstoßimpuls	14.0	nn	Rückstoßimpuls	14.0	rück-stoß-im-puls	4.0																													13.874499320983888	13.78733253479004	13.122343063354492	13.120122909545898	15.13945198059082	15.1394624710083	13.400189399719238	13.400174140930176	27.079046900369576	27.54687943564204
der	der	22	22	1	122,124	p1	7	physics	1	3			0	0	1	0	0	0	0	0	0	0	0	0	PRELS	der	3.0	prels	die	3.0	der	1.0	1728.17899944	26530.3631386	10789.1994813	26530.3631386	0.428085856899	9372.80956103	30912.3596552	38163.5169	19310.096833	1332151.97174	2710999.66609	487983.455471	535760.152056	398226.025843	178781.068331	110461.430317	53801.2331077	27238.2432288	0.129811235347	0.318759302208	0.0	0.0	25590.4497812	36.8153836934	0.0	0.0	33289.1996244	55.22307554	0.6297814249992371	0.622305154800415	0.550661563873291	0.5506629347801208	0.552166759967804	0.5521641373634338	0.8196214437484741	0.819614052772522	0.1384829729795456	0.1591133177280426
zu	zu	23	23	1	125,126	p1	7	physics	1	2			0	0	0	0	0	0	0	0	0	0	0	0	APPR	zu	2.0	appr	zu	2.0	zu	1.0	2657.22767686	8897.95218113	9058.93583672	0.0	0.0	7088.44961045	13807.9438853	16158.8284432	13822.8923193	227861.336305	547892.533326	51760.5780638	28442.4524183	57219.5279387	16021.5412803	19838.2434724	15326.7362026	-0.00817507899599	0.0592554444736	0.308475260123	0.0	0.0	1383.3868677	35.9592119796	0.0	0.0	4752.13254498	50.5141311141	3.974567890167236	4.001538276672363	4.236331939697266	4.239896774291992	4.570971488952637	4.570965766906738	3.509998321533203	3.510005235671997	0.0004102342063561082	0.0003002431185450405
einer	einer	24	24	1	127,131	p1	7	physics	1	5			0	0	0	0	0	0	0	0	0	0	0	0	ART	einer	5.0	art	eine	4.0	ei-ner	2.0	2342.47896043	2431.18674262	17543.4333976	7303.86082739	14.1268332777	4894.732861	4237.55615733	21798.3739882	14462.4525895	2727078.92811	5805735.49431	528986.765912	752729.903509	325207.675415	207395.611264	45007.5949345	21503.4825387	20569.6023896	0.0318816192149	0.182077876037	0.0	0.0	4849.55496137	17.9796059898	4602.28334698	0.428085856899	10773.3725284	33.3906968382	1.2438936233520508	1.2521660327911377	0.4265352785587311	0.43571537733078	1.033592939376831	1.0335962772369385	0.6963228583335876	0.6963219046592712	0.13379499316215515	0.15491700172424316
kinetischen	kinetischen	25	25	1	132,142	p1	7	physics	1	11			0	0	0	0	0	0	0	1	0	0	0	0	ADJA	kinetischen	11.0	adja	kinetisch	9.0	ki-ne-ti-schen	4.0	0.318828080844	0.318828080844	1.4306388243	1.53691485125	13.2706615639	2.89957388871	0.605218848688	33192.5947159	87024.7176774	4181231.37242	9193233.67495	791414.993113	1565082.749	457738.279211	727676.178734	11052.747678	102.572716163	34.2208806772	3.06904102564e-05	0.120029064077	0.0	0.0	0.12262618494	1.2842575707	0.866558373575	0.428085856899	0.989184558515	1.7123434276	4.199561595916748	4.195555686950684	5.659985542297363	5.665151596069336	8.516963958740234	8.516968727111816	7.177582263946533	7.177579402923584	0.005499335820786655	0.007857119955588132
Rückstoßenergie	Rückstoßenergie	26	26	1	143,157	p1	7	physics	1	15			0	0	0	0	0	0	0	0	1	0	0	0	NN	Rückstoßenergie	15.0	nn	Rückstoßenergie	15.0	rück-stoß-e-ner-gie	5.0																													8.755949974060059	8.735355377197266	9.063170433044434	9.10810375213623	19.983182907104492	19.983177185058594	15.993640899658203	15.99365234375	6.26258909702301	0.0019541948931873776
führt	führt.	27	27	1	158,162	p1	7	physics	1	5		$.	0	0	0	0	1	1	0	0	0	0	0	0	VVFIN	führt	5.0	vvfin	führen	6.0	führt	1.0	115.546566529	115.546566529	495.79401587	170.785575305	4.28085856899	542.976727768	217.273566679	429.281573159	86.4733430937	925325.517544	2318250.58434	148483.5674	192682.300362	115769.084005	103404.138734	12864.091756	5154.69795998	618.542826995	0.0444310020418	0.258882563818	0.0	0.0	80.7043798484	7.27745956729	0.0	0.0	195.081910081	10.7021464225	1.587242841720581	1.6243624687194824	0.4181325435638428	0.4213345050811767	0.6150776147842407	0.6150761842727661	0.7051659822463989	0.7051599621772766	29.030157316476107	28.225030854344368
Die	Die	28	1	2	164,166	p1	7	physics	1	3			0	0	0	1	0	0	0	0	0	0	0	0	ART	Die	3.0	art	d	1.0	die	1.0	4044.09712821	4092.99227569	80100.3069113	4092.99227569	0.428085856899	7006.50513099	7668.65043956	33694.5118659	1928.95487119	1162034.30857	2398782.95191	235702.357048	295575.732669	203871.746843	202066.798517	19121.5915224	6400.40832231	5199.86527143	0.05895410862	0.0848217844714	29483.8638533	0.856171713799	35483.8322812	32.5345251244	29483.8638533	0.856171713799	35649.500257	46.661358402	14.877184867858888	8.44238567352295	15.74546241760254	2.2910940647125244	2.596067428588867	2.6132631301879883	2.6906278133392334	2.373340129852295	0.012708392925560474	0.02549184486269951
Photonenenergie	Photonenenergie	29	2	2	167,181	p1	7	physics	1	15			0	0	0	0	0	0	0	1	0	0	0	0	NN	Photonenenergie	15.0	nn	Photonenenergie	15.0	pho-to-nen-e-ner-gie	6.0	0.00817507899599	0.00817507899599	0.00817507899599	1.91296848506	31.6783534106	0.126068429944	0.0155184320176	27651.0356676	70475.3465355	6080647.21152	13373947.5509	928215.882123	1826800.74316	236907.895072	337049.546657	10343.3797233	496.832250902	50.0805339295	3.33e-07	0.055555555	0.0	0.0	0.0	0.0	0.0	0.0	0.0	0.0	17.440750122070312	5.26751184463501	18.63566017150879	4.107375621795654	19.69348907470703	8.240801811218262	18.836139678955078	6.403797149658203	3.6537731355056167	2.166391466394998
wird	wird	30	3	2	182,185	p1	7	physics	1	4			0	0	0	0	0	0	0	0	0	0	0	0	VAFIN	wird	4.0	vafin	werden	6.0	wird	1.0	2344.60448097	2347.81728702	8998.09689884	2352.31358046	4.70894442589	4665.03618164	4186.0194446	2383.28895478	15.8391767053	988692.582261	1945833.01227	114090.380583	81194.6163923	94464.2477104	32816.2056182	34258.3961147	10849.3026621	4840.94660319	0.0454900900655	0.324052246465	0.0	0.0	89.680616586	11.5583181363	0.0	0.0	1784.98762338	16.2672625622	2.233564615249634	1.2110199928283691	3.22157621383667	0.8785992860794067	2.668656587600708	1.5560157299041748	2.3375697135925293	1.6612378358840942	0.009118815883994102	0.004491835366934538
dabei	dabei	31	4	2	186,190	p1	7	physics	1	5			0	0	0	0	0	0	0	0	0	0	0	0	PAV	dabei	5.0	adv	dabei	5.0	da-bei	2.0	284.836102378	284.836102378	388.267201836	285.171280617	4.28085856899	1050.023953	536.425639553	11965.9530523	12861.4114847	1683428.61701	3488083.80209	280066.524215	281984.862884	157129.203943	43849.2624081	110461.430317	19319.7963127	290.983761783	0.00784920920386	0.162390960138	0.0	0.0	103.741752459	5.56511613969	0.0	0.0	103.823503249	8.13363128109	4.563811779022217	1.431990623474121	5.367738723754883	1.4598463773727417	5.0033159255981445	2.9385855197906494	4.6027679443359375	2.582639217376709	0.4784570038318634	0.7405032515525818
zum	zum	32	5	2	191,193	p1	7	physics	1	3			0	0	0	0	0	0	0	0	0	0	0	0	APPRART	zum	3.0	apprart	zum	3.0	zum	1.0	1651.97908812	1651.97908812	1753.17839101	1651.97908812	0.428085856899	4157.73681955	2949.09178377	1759.48955199	40.6681564054	334500.075158	796971.292562	79591.3101428	74215.1045814	74055.9396294	41125.3521006	19838.2434724	15326.7362026	1754.61720491	0.0446728863733	0.258942942311	1694.48949889	0.428085856899	1814.22988095	26.9694089847	12615.7737315	1.2842575707	12735.6694401	30.8221816968	5.115342140197754	5.052400588989258	7.0192389488220215	5.677250862121582	4.608358383178711	4.555216312408447	4.5740461349487305	4.866372108459473	9.715084888739511e-05	7.748303323751315e-05
einen	einen	33	6	2	194,198	p1	7	physics	1	5			0	0	0	0	0	0	0	0	0	0	0	0	PIS	einen	5.0	pis	eine	4.0	ei-nen	2.0	49.7208304536	2019.39166343	17543.4333976	7303.86082739	14.1268332777	4198.07871713	3586.62000791	27432.3768297	26896.634389	2859514.55384	5933406.53601	624326.327506	955059.118657	461556.498907	499462.324164	45007.5949345	21503.4825387	20569.6023896	0.0187226863739	0.182841381842	2431.18674262	0.428085856899	5300.88472258	16.2672625622	7033.4700896	0.856171713799	11104.7330053	35.1030402658	2.317664384841919	5.410928249359131	2.244280338287353	3.693387031555176	1.7459075450897217	3.6590211391448975	2.0047287940979004	3.7360568046569824	0.003932007122784853	0.00380850862711668
als	als	34	7	2	199,201	p1	7	physics	1	3			0	0	0	0	0	0	0	0	0	0	0	0	KOKOM	als	3.0	kokom	als	3.0	als	1.0	3463.41309205	4153.65136184	4541.08470562	4153.65136184	0.428085856899	5247.34625955	6981.83567532	4603.69763565	302.228614971	681961.550037	1925878.64622	141980.120382	218560.946583	127440.529836	138813.260388	41334.1231877	9001.42415599	4724.78690573	0.0390845361957	0.243678478051	0.0	0.0	3467.69683344	19.2638635605	0.0	0.0	4065.34415852	32.9626109813	3.4665985107421875	2.521156072616577	2.7599449157714844	3.0384621620178223	3.2547733783721924	3.5558228492736816	3.167726516723633	2.7359743118286133	0.006036858074367046	0.0055651492439210415
Rückstoßenergie	Rückstoßenergie	35	8	2	202,216	p1	7	physics	1	15			0	0	0	0	0	0	0	0	1	0	0	0	NN	Rückstoßenergie	15.0	nn	Rückstoßenergie	15.0	rück-stoß-e-ner-gie	5.0																													12.704336166381836	4.631146430969238	9.651485443115234	4.666065692901611	22.27029037475586	8.536233901977539	20.01396942138672	12.401549339294434	13.986917734146118	0.005801901686936617
und	und	36	9	2	217,219	p1	7	physics	1	3			0	0	0	0	0	0	0	0	0	0	0	0	KON	und	3.0	kon	und	3.0	und	1.0	22313.7473183	22313.7473183	23398.5884761	22313.7473183	0.428085856899	9064.0679761	29467.6401896	23513.5137367	723.037012303	869972.90787	1656300.13956	195202.966651	251153.263298	160187.509171	58920.0250002	32509.3788389	28906.6542257	22352.5789435	0.120238001286	0.419307858966	0.0	0.0	2201.34439665	22.6885504157	0.0	0.0	2454.42031712	42.8085856899	3.075632810592652	1.6916333436965942	3.0092337131500244	2.109585762023926	4.100245475769043	3.777888059616089	3.08362078666687	2.08160138130188	0.1838088184595108	0.13854607939720154
zum	zum	37	10	2	220,222	p1	7	physics	1	3			0	0	0	0	0	0	0	0	0	0	0	0	APPRART	zum	3.0	apprart	zum	3.0	zum	1.0	1651.97908812	1651.97908812	1753.17839101	1651.97908812	0.428085856899	4157.73681955	2949.09178377	1759.48955199	40.6681564054	334500.075158	796971.292562	79591.3101428	74215.1045814	74055.9396294	41125.3521006	19838.2434724	15326.7362026	1754.61720491	0.0446728863733	0.258942942311	1694.48949889	0.428085856899	1814.22988095	26.9694089847	12615.7737315	1.2842575707	12735.6694401	30.8221816968	0.1502281576395034	0.0634231567382812	0.1187454685568809	0.0887447595596313	0.14290565252304077	0.13976410031318665	0.07725762575864792	0.0737023577094078	0.00047195740626193583	0.00018368464952800423
anderen	anderen	38	11	2	223,229	p1	7	physics	1	7			0	0	0	0	0	0	0	0	0	0	0	0	PIS	anderen	7.0	pis	andere	6.0	an-de-ren	3.0	67.4444017169	619.581062027	288.923641876	911.341456315	20.1200352743	1895.94311792	1144.60850876	36966.1621299	73729.6552197	3294494.98274	6949437.49518	826669.040274	1418217.62173	467734.226253	600490.158306	41334.1231877	8435.34898599	1916.32026745	0.00754697456277	0.0962284664744	0.0	0.0	297.041495319	6.42128785349	0.0	0.0	890.05355061	10.7021464225	0.0207252372056245	0.0291688963770866	0.0406202897429466	0.0658666118979454	0.022388791665434837	0.022767921909689903	0.017166130244731903	0.014196357689797878	0.023443426936864853	0.016386693343520164
als	als	39	12	2	230,232	p1	7	physics	1	3			0	0	0	0	0	0	0	0	0	0	0	0	KOKOM	als	3.0	kokom	als	3.0	als	1.0	3463.41309205	4153.65136184	4541.08470562	4153.65136184	0.428085856899	5247.34625955	6981.83567532	4603.69763565	302.228614971	681961.550037	1925878.64622	141980.120382	218560.946583	127440.529836	138813.260388	41334.1231877	9001.42415599	4724.78690573	0.0390845361957	0.243678478051	0.0	0.0	3467.69683344	19.2638635605	0.0	0.0	4065.34415852	32.9626109813	0.4330328404903412	0.4053282439708709	0.1570062637329101	0.469336599111557	0.35717442631721497	0.2766894996166229	0.08401069045066833	0.08268415927886963	0.002756607485935092	0.00045062878052704036
Anregungsenergie	Anregungsenergie	40	13	2	233,248	p1	7	physics	1	16			0	0	0	0	0	0	0	0	1	0	0	0	NN	Anregungsenergie	16.0	nn	Anregungsenergie	16.0	an-re-gungs-e-ner-gie	6.0	0.016350157992	0.016350157992	0.016350157992	0.604955845703	4.70894442589	0.126068429944	0.0310368640353	37224.6908281	87639.020882	6426250.48277	14164720.1603	837369.744525	1715242.85311	256647.032062	437182.681359	19822.5963712	3723.58498109	66.9375468192	0.000399834	0.0849420845	0.0	0.0	0.0	0.0	0.0	0.0	0.0	0.0	4.51419734954834	4.475887298583984	4.097349643707275	2.482417106628418	8.046916961669922	7.987654685974121	4.457035064697266	5.926415920257568	2.431423694802561	0.0046220746366998355
auf	auf	41	14	2	249,251	p1	7	physics	1	3			0	0	0	0	0	0	0	0	0	0	0	0	APPR	auf	3.0	appr	auf	3.0	auf	1.0	5092.06867979	5591.37797963	5914.8658555	5591.37797963	0.428085856899	6569.04767908	9351.09676518	8980.91288279	7572.83880855	489216.952266	1286948.94648	95233.9886234	112163.203452	83805.1382611	46267.0913278	41334.1231877	16266.7803613	7317.89743803	0.0692951484301	0.289895292654	0.0	0.0	3235.89246851	19.2638635605	0.0	0.0	3376.16047392	32.5345251244	3.268897533416748	3.662360668182373	2.5479323863983154	1.9828695058822632	5.3474578857421875	5.105157852172852	5.832879066467285	5.777342796325684	0.23229998350143433	0.040961794555187225
das	das	42	15	2	252,254	p1	7	physics	1	3			0	0	0	0	0	0	0	0	0	0	0	0	ART	das	3.0	art	d	1.0	das	1.0	5535.50948977	7683.24989344	80100.3069113	7683.24989344	0.428085856899	6503.8703008	12246.2154424	9530.4416929	290.670296835	734069.119328	1662118.68252	216547.190476	169684.671958	215247.31204	124039.161294	110461.430317	19319.7963127	7903.50287175	0.0288325249482	0.178984875387	0.0	0.0	15300.9683536	34.6749544089	0.0	0.0	16474.0513142	50.942216971	2.4755947589874268	2.177548408508301	2.516653060913086	1.2784125804901123	2.217212438583374	1.9825605154037476	2.0700273513793945	1.5769574642181396	0.16326750814914703	0.24335792660713196
Atom	Atom	43	16	2	255,258	p1	7	physics	1	4			0	0	0	0	0	0	0	0	1	0	0	0	NN	Atom	4.0	nn	Atom	4.0	a-tom	2.0	3.0656546235	3.0656546235	10.6112525368	3.13923033446	1.7123434276	20.4230856509	5.40041434213	9726.23483485	36663.8413	522230.373775	1451030.83074	62763.8338135	119358.470535	52990.6822003	71550.698208	19822.5963712	307.162243116	70.9596856852	0.0116412412533	0.117839640387	27.8034436654	0.428085856899	28.1140966672	4.70894442589	32.8311172479	0.856171713799	36.648879139	8.56171713799	3.639498233795166	0.6842377781867981	2.095094919204712	0.6371867656707764	5.2254438400268555	2.687854528427124	3.378385543823242	0.6023016571998596	6.201598644256592	1.2028980255126953
übertragen	übertragen.	44	17	2	259,268	p1	7	physics	1	10		$.	0	0	0	0	0	1	0	0	0	0	0	0	VVINF	übertragen	10.0	vvinf	übertragen	10.0	ü-ber-tra-gen	4.0	9.97359637511	38.9951268109	54.7566791152	382.487420986	261.988544422	291.09200474	73.6349599236	36721.2939888	70156.850658	3461173.30843	7956888.75761	718195.854569	1431522.53016	393272.434826	569686.812387	4201.6554257	4185.99197435	3864.02466317	0.0538523058314	0.319403625243	0.0	0.0	2.05194482799	2.9966009983	0.0	0.0	4.65161994872	7.27745956729	2.5109074115753174	0.3642561733722687	0.7362879514694214	0.2867656946182251	3.830919027328491	1.5051177740097046	1.6284343004226685	0.711307168006897	28.82567471265793	28.519681602716446
Die	Die	45	1	3	270,272	p1	7	physics	1	3			0	0	0	1	0	0	0	0	0	0	0	0	ART	Die	3.0	art	d	1.0	die	1.0	4044.09712821	4092.99227569	80100.3069113	4092.99227569	0.428085856899	7006.50513099	7668.65043956	33694.5118659	1928.95487119	1162034.30857	2398782.95191	235702.357048	295575.732669	203871.746843	202066.798517	19121.5915224	6400.40832231	5199.86527143	0.05895410862	0.0848217844714	29483.8638533	0.856171713799	35483.8322812	32.5345251244	29483.8638533	0.856171713799	35649.500257	46.661358402	14.98300552368164	1.9974665641784668	15.728561401367188	1.7786027193069458	2.596067428588867	2.870814800262451	2.6906278133392334	2.810307502746582	0.020529286935925484	0.08874988555908203
Frequenz	Frequenz	46	2	3	273,280	p1	7	physics	1	8			0	0	0	0	0	0	0	0	1	0	0	0	NN	Frequenz	8.0	nn	Frequenz	8.0	fre-quenz	2.0	3.2618565194	3.2618565194	5.03584866153	266.4176494	99.7440046576	19.4145382113	5.86596730266	82.1677189887	742.300875864	2598468.12754	5645330.86756	251747.813495	599083.040095	25984.6112149	67359.3095831	11807.4546207	3907.63870961	945.668613019	0.00601452842857	0.134570705043	0.0	0.0	0.00817507899599	0.428085856899	0.0	0.0	0.310653001848	1.2842575707	9.75521469116211	5.20220947265625	10.962367057800291	5.515496253967285	9.790525436401367	6.901735782623291	9.922685623168945	7.798365592956543	3.601454257965088	1.8054264783859253
der	der	47	3	3	281,283	p1	7	physics	1	3			0	0	0	0	0	0	0	0	0	0	0	0	ART	der	3.0	art	d	1.0	der	1.0	24738.5901996	26530.3631386	80100.3069113	26530.3631386	0.428085856899	9372.80956103	30912.3596552	38163.5169	19310.096833	1332151.97174	2710999.66609	487983.455471	535760.152056	398226.025843	178781.068331	110461.430317	53801.2331077	27238.2432288	0.129811235347	0.318759302208	0.0	0.0	25590.4497812	36.8153836934	0.0	0.0	33289.1996244	55.22307554	3.197679281234741	2.042109489440918	2.7879831790924072	1.9812328815460205	1.9641239643096924	1.5516185760498047	2.390235185623169	1.4173576831817627	0.14015068113803864	0.02134774625301361
Anregung	Anregung	48	4	3	284,291	p1	7	physics	1	8			0	0	0	0	0	0	0	0	1	0	0	0	NN	Anregung	8.0	nn	Anregung	8.0	an-re-gung	3.0	16.227531807	16.227531807	28.3266487211	20.6011990699	17.123434276	153.929552961	30.4937189146	25465.1421703	53990.1882722	2523896.50393	5642421.59608	209763.657076	522724.937714	96114.7552843	239334.240875	19822.5963712	3723.58498109	66.9375468192	0.00607997936919	0.146533026793	0.0	0.0	1.78216722113	0.856171713799	0.0	0.0	1.78216722113	0.856171713799	8.266661643981934	3.5383787155151367	8.264691352844238	5.687929630279541	9.508464813232422	7.586133003234863	10.259775161743164	2.9976229667663574	4.653666973114014	0.005834334995597601
unterscheidet	unterscheidet	49	5	3	292,304	p1	7	physics	1	13			0	0	0	0	0	0	0	0	0	0	0	0	VVFIN	unterscheidet	13.0	vvfin	unterscheiden	13.0	un-ter-schei-det	4.0	30.2069168902	30.2069168902	99.1882334584	225.967358528	118.579782361	135.901767479	57.1233482569	20701.7607166	47510.2526563	5073532.79997	11138606.4949	884896.743479	1693866.38584	273790.712271	446692.180584	32509.3788389	28906.6542257	2137.73410698	0.0462793127065	0.250372945638	45.2899376378	0.428085856899	45.3553382698	0.856171713799	45.2899376378	0.428085856899	47.023054385	2.9966009983	7.960405349731445	6.7893385887146	6.26649808883667	7.258437633514404	7.1772613525390625	8.757621765136719	7.381556510925293	8.614540100097656	0.020396491512656212	0.009674686007201672
sich	sich	50	6	3	305,308	p1	7	physics	1	4			0	0	0	0	0	0	0	0	0	0	0	0	PRF	sich	4.0	prf	sich	4.0	sich	1.0	6557.46793998	6557.46793998	6566.55045274	6557.81946837	0.856171713799	6282.99841154	11211.8033194	6926.29480396	1064.22144025	990057.517976	2298056.06212	287477.77288	411907.636196	194753.386357	108862.23341	48925.779496	15113.3748159	6879.41072592	0.109257424523	0.373105981887	0.0	0.0	1254.85010065	21.404292845	0.0	0.0	4636.93750684	29.5379241261	0.1024159938097	0.0088109290227293	0.041480116546154	0.0029550003819167	0.09232117235660553	0.05554785951972008	0.09313454478979111	0.11671700328588486	0.0002752163854893297	0.00011228884250158444
also	also	51	7	3	309,312	p1	7	physics	1	4			0	0	0	0	0	0	0	0	0	0	0	0	ADV	also	4.0	adv	also	4.0	al-so	2.0	544.550187002	545.294119191	630.372166302	545.38404506	2.5685151414	1248.45566173	1017.77636388	13636.5059199	18335.3453369	797548.550507	2309355.8164	95513.9442036	134707.91702	67439.0388651	37405.71409	41334.1231877	9001.42415599	4724.78690573	0.00789224690364	0.168659174741	0.0	0.0	86.0508815118	7.27745956729	4153.65136184	0.428085856899	4240.05377175	13.2706615639	6.056867599487305	4.554479598999023	5.894865989685059	5.95991325378418	6.479603290557861	4.768986225128174	5.614518165588379	4.3460187911987305	4.095399856567383	4.15592098236084
von	von	52	8	3	313,315	p1	7	physics	1	3			0	0	0	0	0	0	0	0	0	0	0	0	APPR	von	3.0	appr	von	3.0	von	1.0	7955.34104766	7955.34104766	8265.3727435	7955.34104766	0.428085856899	7856.20634881	12401.4928732	8585.23905938	340.756342092	620899.645044	1436353.90714	258695.641457	333765.271963	253104.606831	264495.4152	23102.1601118	13320.2529889	7993.18348833	0.0874371201871	0.312235645495	0.0	0.0	3224.03042889	30.8221816968	0.0	0.0	3276.15473257	38.9558129779	1.432705998420715	0.4284246563911438	1.3905129432678225	0.2820405662059784	1.89375901222229	2.092313289642334	1.4969204664230347	1.354886770248413	0.003799482947215438	0.005266483407467604
der	der	53	9	3	316,318	p1	7	physics	1	3			0	0	0	0	0	0	0	0	0	0	0	0	PDS	der	3.0	pds	die	3.0	der	1.0	63.5939395098	26530.3631386	10789.1994813	26530.3631386	0.428085856899	9372.80956103	30912.3596552	38163.5169	19310.096833	1332151.97174	2710999.66609	487983.455471	535760.152056	398226.025843	178781.068331	110461.430317	53801.2331077	27238.2432288	0.129811235347	0.318759302208	0.0	0.0	25590.4497812	36.8153836934	0.0	0.0	33289.1996244	55.22307554	0.5638880729675293	0.0207699555903673	0.1999720931053161	0.0110828764736652	1.2138181924819946	0.6846596598625183	0.6775155067443848	0.1786910593509674	0.07842264324426651	0.14465245604515076
des	des	54	10	3	319,321	p1	7	physics	1	3			0	0	0	0	0	0	0	0	0	0	0	0	ART	des	3.0	art	d	1.0	des	1.0	7101.07799289	7101.07799289	80100.3069113	7101.07799289	0.428085856899	7430.34719246	10967.4656073	9589.02430898	7300.14811771	1261615.62435	2602206.35451	326044.476501	328517.367443	261724.107647	165779.244685	110461.430317	53801.2331077	7725.99738151	0.121698304848	0.352013185599	44055.247282	1.2842575707	49782.1108458	35.9592119796	44055.247282	1.2842575707	54875.2749862	52.2264745417	3.107438325881958	2.263391733169556	3.535583257675171	2.306215763092041	2.3567042350769043	2.69134783744812	2.8930087089538574	2.5908985137939453	0.8404459953308105	0.7385292053222656
Photons	Photons	55	11	3	322,328	p1	7	physics	1	7			0	0	0	0	0	0	0	1	0	0	0	0	NN	Photons	7.0	nn	Photon	6.0	pho-tons	2.0	0.032700315984	0.032700315984	0.277952685864	2.20727132892	15.4110908484	0.252136859888	0.0620737280705	147.192297323	1541.53717069	1473155.62799	3750440.07226	132921.846727	365407.666162	82677.4106389	180443.325713	10343.3797233	496.832250902	50.0805339295	0.0061001505	0.25283530175	0.0572255529719	0.428085856899	0.0735757109639	1.2842575707	2.00289435402	1.2842575707	2.01924451201	2.1404292845	6.559669494628906	1.6631196737289429	5.759848117828369	0.6705504059791565	10.110396385192871	4.607295036315918	7.834713459014893	3.276384115219116	0.16944792866706848	0.008435124007519335
um	um	56	12	3	329,330	p1	7	physics	1	2			0	0	0	0	0	0	0	0	0	0	0	0	APPR	um	2.0	appr	um	2.0	um	1.0	1106.66861877	2023.33205151	2173.54912806	0.0	0.0	4188.62358488	3500.91170788	3894.37873148	7287.305542	284093.257475	675479.670203	72866.620962	59765.4945676	72242.2084283	40588.5324361	32509.3788389	2649.44500165	-0.00817507899599	0.0281983861756	0.174663736456	4320.93800333	0.428085856899	7422.20327094	36.8153836934	4320.93800333	0.428085856899	9288.90898396	64.2128785349	6.53001594543457	5.531358242034912	5.890172004699707	5.227566242218018	4.6594367027282715	4.935922622680664	4.821286201477051	6.610597133636475	0.003875365946441889	0.006253437604755163
einen	einen	57	13	3	331,335	p1	7	physics	1	5			0	0	0	0	0	0	0	0	0	0	0	0	ART	einen	5.0	art	eine	4.0	ei-nen	2.0	1964.53688337	2019.39166343	17543.4333976	7303.86082739	14.1268332777	4198.07871713	3586.62000791	27432.3768297	26896.634389	2859514.55384	5933406.53601	624326.327506	955059.118657	461556.498907	499462.324164	45007.5949345	21503.4825387	20569.6023896	0.0187226863739	0.182841381842	2431.18674262	0.428085856899	5300.88472258	16.2672625622	7033.4700896	0.856171713799	11104.7330053	35.1030402658	2.774899959564209	2.9195332527160645	1.5904736518859863	2.325005531311035	3.475146532058716	2.94093656539917	3.02624249458313	2.4442715644836426	0.0008749709231778979	0.0006802152493037283
gewissen	gewissen	58	14	3	336,343	p1	7	physics	1	8			0	0	0	0	0	0	0	0	0	0	0	0	ADJA	gewissen	8.0	adja	gewiß	5.0	ge-wis-sen	3.0	61.6973211828	61.6973211828	285.522809014	593.33905845	64.2128785349	345.931771766	115.9847609	52373.3656351	116917.524979	3118733.20415	6893457.56385	566045.118408	1046514.95304	388857.736842	507372.494628	23747.2147199	15623.9820749	1864.82544485	0.00417903341757	0.0859988591453	0.0	0.0	80.6389792165	4.70894442589	78.0393040957	0.428085856899	158.727333786	7.27745956729	4.087586402893066	3.358968734741211	6.408326148986816	4.513511657714844	2.8841652870178223	1.9949969053268433	3.019880533218384	2.1683568954467773	2.2050156593322754	2.4893264770507812
Betrag	Betrag.	59	15	3	344,349	p1	7	physics	1	6		$.	0	0	0	0	0	1	0	0	0	0	0	0	NN	Betrag	6.0	nn	Betrag	6.0	be-trag	2.0	21.4595823645	21.4595823645	38.0549927263	45.2572373218	25.2570655571	192.254355664	39.0754118204	22818.2232681	48385.2601478	1787068.93309	4304551.83692	113302.319318	323229.650939	62778.581656	144520.929118	17498.1271098	8127.15668292	638.555420377	0.019816396896	0.188882360766	0.0	0.0	6.42561209085	3.4246868552	34.4906582841	0.428085856899	45.9112436415	6.84937371039	2.155317783355713	1.5261162519454956	2.058827638626098	1.3179996013641355	4.907222747802734	4.775043964385986	2.783548355102539	2.539393186569214	29.47259259223938	29.589685916900635
Auch	Auch	60	1	4	351,354	p1	7	physics	1	4			0	0	0	1	0	0	0	0	0	0	0	0	ADV	Auch	4.0	adv	auch	4.0	auch	1.0	404.445683169	404.445683169	4062.31120421	404.470208406	0.856171713799	1476.38738307	767.122649927	4063.36578941	38.527727121	549560.643868	1291466.10844	202747.60808	367399.97774	111330.637416	100392.982817	19822.5963712	5396.67212318	406.1460996	0.0078399044691	0.0177748487597	3657.70201947	0.428085856899	3917.04005046	17.5515201329	3657.70201947	0.428085856899	3976.30937318	19.6919494174	13.42831802368164	6.742100715637207	17.658226013183594	6.480771064758301	5.461483955383301	6.265235900878906	5.467075347900391	6.388119220733643	1.5932005643844604	2.247518539428711
bei	bei	61	2	4	355,357	p1	7	physics	1	3			0	0	0	0	0	0	0	0	0	0	0	0	APPR	bei	3.0	appr	bei	3.0	bei	1.0	2135.91106436	2161.86694017	2489.87563473	2161.86694017	0.428085856899	4322.25612062	3715.43851209	5555.26048062	4566.8199214	1219263.07434	2569992.0376	157298.346328	245814.176491	54673.4895113	42554.7307768	20337.830725	14068.4280436	3488.24080696	0.0361569463119	0.220877330072	0.0	0.0	1512.16888713	28.2536665554	0.0	0.0	1895.89892012	38.0996412641	3.3085973262786865	2.671475410461426	3.8616867065429688	2.620591163635254	3.5012316703796387	3.1037678718566895	3.479154109954834	3.513612985610962	0.22816698253154755	0.10785897821187973
der	der	62	3	4	358,360	p1	7	physics	1	3			0	0	0	0	0	0	0	0	0	0	0	0	ART	der	3.0	art	d	1.0	der	1.0	24738.5901996	26530.3631386	80100.3069113	26530.3631386	0.428085856899	9372.80956103	30912.3596552	38163.5169	19310.096833	1332151.97174	2710999.66609	487983.455471	535760.152056	398226.025843	178781.068331	110461.430317	53801.2331077	27238.2432288	0.129811235347	0.318759302208	0.0	0.0	25590.4497812	36.8153836934	0.0	0.0	33289.1996244	55.22307554	1.6377179622650146	0.968752145767212	1.701671481132507	0.4156376123428345	1.4049851894378662	1.0951604843139648	1.4579308032989502	1.0282527208328247	0.025626173242926598	0.027079854160547256
Emission	Emission	63	4	4	361,368	p1	7	physics	1	8			0	0	0	0	0	0	0	0	1	0	0	0	NN	Emission	8.0	nn	Emission	8.0	e-mis-si-on	4.0	1.69224135217	1.69224135217	3.01660414952	2.88580288559	8.13363128109	16.8931696125	3.13472326756	12591.7798747	52089.0589817	1990760.14967	4658679.01266	326675.559899	588642.882216	234977.726221	333513.557479	14903.9783425	263.703523174	47.8405622845	0.018492745029	0.19934899328	0.0	0.0	0.049050473976	1.7123434276	0.0	0.0	0.269777606868	2.9966009983	10.054937362670898	0.7918863296508789	10.683238983154297	0.713394045829773	10.94807243347168	7.6332106590271	9.962191581726074	4.494823455810547	0.013197501190006733	0.012621267233043909
eines	eines	64	5	4	369,373	p1	7	physics	1	5			0	0	0	0	0	0	0	0	0	0	0	0	ART	eines	5.0	art	eine	4.0	ei-nes	2.0	964.814648028	996.591180085	17543.4333976	7303.86082739	14.1268332777	2911.67645798	1770.37376144	17195.1259819	8521.04898158	2656542.58071	5696942.18272	367047.786942	545487.118897	215066.422067	203192.664321	45007.5949345	21503.4825387	20569.6023896	0.0495844122944	0.245308794672	6240.92070617	1.2842575707	6269.57435805	14.9830049915	10843.2040532	1.7123434276	11254.5822033	25.685151414	3.8350422382354736	1.2122479677200315	4.562082767486572	0.8612197041511536	3.1164536476135254	2.3005402088165283	3.571986675262451	2.3242340087890625	0.9843908548355103	0.8588963747024536
Photons	Photons	65	6	4	374,380	p1	7	physics	1	7			0	0	0	0	0	0	0	1	0	0	0	0	NN	Photons	7.0	nn	Photon	6.0	pho-tons	2.0	0.032700315984	0.032700315984	0.277952685864	2.20727132892	15.4110908484	0.252136859888	0.0620737280705	147.192297323	1541.53717069	1473155.62799	3750440.07226	132921.846727	365407.666162	82677.4106389	180443.325713	10343.3797233	496.832250902	50.0805339295	0.0061001505	0.25283530175	0.0572255529719	0.428085856899	0.0735757109639	1.2842575707	2.00289435402	1.2842575707	2.01924451201	2.1404292845	12.393818855285645	0.2386127561330795	9.77589511871338	0.0639278665184974	15.257448196411133	1.685243844985962	12.703130722045898	0.33987221121788025	2.3519526347517967	0.02711813000496477
erfährt	erfährt	66	7	4	381,387	p1	7	physics	1	7			0	0	0	0	0	0	0	0	0	0	0	0	VVFIN	erfährt	7.0	vvfin	erfahren	8.0	er-fährt	2.0	18.5247290049	18.5247290049	134.153046324	167.540068944	19.2638635605	144.600489146	34.9164720397	18335.5985523	21988.2019538	2035397.09469	4801046.66992	344731.268272	557141.756351	155065.004672	116812.643944	45007.5949345	12349.7403108	736.043237404	0.0308242122087	0.216265079795	0.0	0.0	3.55615936326	2.1404292845	0.0	0.0	6.59728874977	3.8527727121	8.890374183654785	5.159692764282227	8.771883964538574	4.1804304122924805	10.61453628540039	9.345444679260254	8.812872886657715	7.777775764465332	2.7717785835266113	1.6557295322418213
das	das	67	8	4	388,390	p1	7	physics	1	3			0	0	0	0	0	0	0	0	0	0	0	0	ART	das	3.0	art	d	1.0	das	1.0	5535.50948977	7683.24989344	80100.3069113	7683.24989344	0.428085856899	6503.8703008	12246.2154424	9530.4416929	290.670296835	734069.119328	1662118.68252	216547.190476	169684.671958	215247.31204	124039.161294	110461.430317	19319.7963127	7903.50287175	0.0288325249482	0.178984875387	0.0	0.0	15300.9683536	34.6749544089	0.0	0.0	16474.0513142	50.942216971	1.618053317070007	0.2426299899816513	1.5881322622299194	0.1425317227840423	2.285442590713501	1.7179688215255737	1.9446258544921875	1.7540862560272217	0.2574019134044647	0.2949986159801483
Atom	Atom	68	9	4	391,394	p1	7	physics	1	4			0	0	0	0	0	0	0	0	1	0	0	0	NN	Atom	4.0	nn	Atom	4.0	a-tom	2.0	3.0656546235	3.0656546235	10.6112525368	3.13923033446	1.7123434276	20.4230856509	5.40041434213	9726.23483485	36663.8413	522230.373775	1451030.83074	62763.8338135	119358.470535	52990.6822003	71550.698208	19822.5963712	307.162243116	70.9596856852	0.0116412412533	0.117839640387	27.8034436654	0.428085856899	28.1140966672	4.70894442589	32.8311172479	0.856171713799	36.648879139	8.56171713799	4.659891128540039	0.1644182950258255	4.376017093658447	0.289671242237091	6.315897464752197	1.502638339996338	3.306367874145508	0.30112653970718384	5.328714847564697	0.027050383388996124
einen	einen	69	10	4	395,399	p1	7	physics	1	5			0	0	0	0	0	0	0	0	0	0	0	0	ART	einen	5.0	art	eine	4.0	ei-nen	2.0	1964.53688337	2019.39166343	17543.4333976	7303.86082739	14.1268332777	4198.07871713	3586.62000791	27432.3768297	26896.634389	2859514.55384	5933406.53601	624326.327506	955059.118657	461556.498907	499462.324164	45007.5949345	21503.4825387	20569.6023896	0.0187226863739	0.182841381842	2431.18674262	0.428085856899	5300.88472258	16.2672625622	7033.4700896	0.856171713799	11104.7330053	35.1030402658	2.180426597595215	0.5042431354522705	1.889739751815796	0.2382791191339492	2.817728042602539	1.2081801891326904	3.215360403060913	1.5326683521270752	0.1932421177625656	0.8211015462875366
Rückstoß	Rückstoß.	70	11	4	400,407	p1	7	physics	1	8		$.	0	0	0	0	0	1	0	0	1	0	0	0	NN	Rückstoß	8.0	nn	Rückstoß	8.0	rück-stoß	2.0	0.482329660764	0.482329660764	0.604955845703	61.0269647051	24.8289797002	4.16025818814	0.91558748904	1189.88274787	2573.65217168	916224.741653	2562165.77197	83161.9884464	254417.846043	23636.900204	57097.6635074	9222.31479046	423.509967387	329.578309723	0.0178111062712	0.173680539576	0.0	0.0	0.00817507899599	0.428085856899	0.0	0.0	0.00817507899599	0.428085856899	7.170624256134033	2.03394079208374	7.635443687438965	3.401770830154419	8.321086883544922	2.353580951690674	8.63144302368164	4.5547566413879395	28.972012042999268	25.038742724456824
Die	Die	71	1	5	409,411	p1	7	physics	1	3			0	0	0	1	0	0	0	0	0	0	0	0	ART	Die	3.0	art	d	1.0	die	1.0	4044.09712821	4092.99227569	80100.3069113	4092.99227569	0.428085856899	7006.50513099	7668.65043956	33694.5118659	1928.95487119	1162034.30857	2398782.95191	235702.357048	295575.732669	203871.746843	202066.798517	19121.5915224	6400.40832231	5199.86527143	0.05895410862	0.0848217844714	29483.8638533	0.856171713799	35483.8322812	32.5345251244	29483.8638533	0.856171713799	35649.500257	46.661358402	14.877184867858888	1.8257313966751096	15.745645523071287	1.450584888458252	2.596067428588867	3.725381374359131	2.6906278133392334	3.576908588409424	0.011185440234839916	0.16443820297718048
dabei	dabei	72	2	5	412,416	p1	7	physics	1	5			0	0	0	0	0	0	0	0	0	0	0	0	PAV	dabei	5.0	adv	dabei	5.0	da-bei	2.0	284.836102378	284.836102378	388.267201836	285.171280617	4.28085856899	1050.023953	536.425639553	11965.9530523	12861.4114847	1683428.61701	3488083.80209	280066.524215	281984.862884	157129.203943	43849.2624081	110461.430317	19319.7963127	290.983761783	0.00784920920386	0.162390960138	0.0	0.0	103.741752459	5.56511613969	0.0	0.0	103.823503249	8.13363128109	10.92280101776123	3.9467806816101074	10.476713180541992	3.5942459106445312	10.39957046508789	7.519983291625977	10.420173645019531	5.008927822113037	2.333113193511963	2.0599358081817627
erzeugte	erzeugte	73	3	5	417,424	p1	7	physics	1	8			0	0	0	0	0	0	0	0	0	0	0	0	ADJA	erzeugte	8.0	adja	erzeugt	7.0	er-zeug-te	3.0	2.32172243486	4.91322247659	8.03610265306	153.748710678	20.9762069881	45.3846347798	9.28002234654	43915.2735794	69395.7140044	3296238.56359	7343349.68621	457322.674545	830329.02679	219119.601708	233397.974298	45007.5949345	12349.7403108	349.239374709	0.0600443908236	0.321608604677	0.0	0.0	0.237077290884	1.2842575707	30.1905667322	0.856171713799	31.6784311095	3.8527727121	7.852487564086914	3.2115211486816406	5.969667434692383	4.970278263092041	6.508640289306641	2.7311038970947266	5.893176555633545	3.9251818656921387	0.6675542612210847	2.366270494647324
Rückstoßenergie	Rückstoßenergie	74	4	5	425,439	p1	7	physics	1	15			0	0	0	0	0	0	0	0	1	0	0	0	NN	Rückstoßenergie	15.0	nn	Rückstoßenergie	15.0	rück-stoß-e-ner-gie	5.0																													12.66981315612793	2.841280221939087	10.54686450958252	1.2876296043395996	23.25709342956543	3.791438102722168	20.279294967651367	3.5976197719573975	7.6280301213264465	0.0007320563126995694
fehlt	fehlt	75	5	5	440,444	p1	7	physics	1	5			0	0	0	0	0	0	0	0	0	0	0	0	VVFIN	fehlt	5.0	vvfin	fehlen	6.0	fehlt	1.0	53.4159661598	53.4159661598	130.744038383	57.9776602396	2.1404292845	301.681752855	99.2093358887	69.267444333	7.70554542419	1495031.78785	3525501.50258	148540.408725	211545.903646	106052.021608	95432.3239069	12864.091756	1343.79496012	146.358439265	0.029203728343	0.207815296953	0.0	0.0	34.5478838371	4.28085856899	0.0	0.0	63.0707344541	8.98980299489	8.35140323638916	9.411389350891112	10.105466842651367	9.078693389892578	9.866161346435547	10.297381401062012	9.149261474609375	8.41253662109375	3.1561503410339355	4.949392795562744
dem	dem	76	6	5	445,447	p1	7	physics	1	3			0	0	0	0	0	0	0	0	0	0	0	0	ART	dem	3.0	art	d	1.0	dem	1.0	5100.87323987	5616.24656993	80100.3069113	5616.24656993	0.428085856899	6562.36605229	9206.65119996	6667.98683292	1002.148991	1098350.78654	2107258.1957	260311.257794	170837.935256	214520.302265	48324.4719561	110461.430317	53801.2331077	5810.24119451	0.0776634434188	0.228051977566	43473.0753814	1.2842575707	43630.2003997	29.966009983	43473.0753814	1.2842575707	43925.3698019	41.0962422623	1.8776084184646609	1.897965908050537	3.3167033195495605	1.965792417526245	2.9418840408325195	2.8793118000030518	2.5949275493621826	2.222712993621826	0.08368511497974396	0.10289794951677322
emittierten	emittierten	77	7	5	448,458	p1	7	physics	1	11			0	0	0	0	0	0	0	0	1	0	0	0	ADJA	emittierten	11.0	adja	emittiert	9.0	e-mit-tier-ten	4.0	0.16350157992	0.171676658916	0.302477922852	0.899258689559	3.8527727121	2.14316330904	0.310368640353	33810.8841154	78366.6812216	4810694.15111	10676140.2067	861917.005176	1614911.51465	429024.695826	601400.696924	45007.5949345	351.569272223	6.61363890776	0.00726984895238	0.115452092571	0.0	0.0	0.0572255529719	0.428085856899	0.0	0.0	0.277952685864	2.5685151414	9.379858016967772	3.924391269683838	9.578184127807615	5.3621931076049805	11.741758346557617	9.199690818786621	9.792293548583984	6.781599521636963	0.23416662553790957	0.0643230590908388
Photon	Photon,	78	8	5	459,464	p1	7	physics	1	6		$,	0	0	0	0	0	0	0	1	0	0	0	0	NN	Photon	6.0	nn	Photon	6.0	pho-ton	2.0	0.04087539498	0.04087539498	0.277952685864	4.46359313181	15.4110908484	0.504273719775	0.0775921600881	529.687893387	3655.42513206	1203252.05133	3006413.15422	244396.839688	414859.716265	220143.358676	294427.178315	10343.3797233	496.832250902	50.0805339295	3.3684e-05	0.1006119042	2.4525236988	1.7123434276	2.46887385679	2.5685151414	4.4962934478	2.1404292845	4.54534392177	3.4246868552	2.807061195373535	1.3168625831604004	3.880591869354248	1.528834342956543	11.337385177612305	3.6439013481140137	7.817876815795898	2.9991562366485596	27.66908710449934	27.41729424186633
so	so	79	9	5	466,467	p1	7	physics	1	2			0	0	1	0	0	0	0	0	0	0	0	0	ADV	so	2.0	adv	so	2.0	so	1.0	2876.40154474	2881.65812053	3315.19890985	0.0	0.0	3533.31988603	5044.40599322	7559.98605233	8425.15774964	385490.57713	1127504.08822	67552.2555341	43642.0688533	67539.3225592	31723.3024255	48925.779496	8037.09183762	-0.00817507899599	0.0178285087072	0.131475681059	0.0	0.0	1397.905808	42.8085856899	0.0	0.0	1576.88281246	60.3601058228	2.607490539550781	1.9510213136672967	2.7828869819641118	1.5569251775741575	2.5028634071350098	2.6117844581604004	2.792682647705078	2.27587890625	0.0028449322562664747	0.01103890035301447
dass	dass	80	10	5	468,471	p1	7	physics	1	4			0	0	0	0	0	0	0	0	0	0	0	0	KOUS	dass	4.0	kous	dass	4.0	dass	1.0	147.780903011	147.780903011	153.552508782	148.034330459	3.4246868552	363.833488818	251.97278067	154.729720157	3.8527727121	1003972.69599	2406145.60056	229855.777627	221936.403565	206556.835189	132887.26787	110461.430317	19319.7963127	7903.50287175	0.00336324744952	0.0553902165934	0.0	0.0	25.6370477314	20.1200352743	7683.24989344	0.428085856899	7709.39379606	23.9728079864	0.1473817974328994	0.3319784998893738	0.1650873720645904	0.1705164313316345	0.16913633048534393	0.09615752846002579	0.15577061474323273	0.16580691933631897	0.0576898455619812	0.016834689304232597
dessen	dessen	81	11	5	472,477	p1	7	physics	1	6			0	0	0	0	0	0	0	0	0	0	0	0	PRELAT	dessen	6.0	prelat	die	3.0	des-sen	2.0	276.530222118	340.892619054	10789.1994813	342.625735801	12.842575707	1349.31040569	628.341312394	17810.1617	28489.9699484	2776463.95902	5935496.02308	684736.139147	979525.509636	518426.885572	500860.452572	110461.430317	53801.2331077	7725.99738151	0.0115689887806	0.141396491303	0.0	0.0	39.9516110534	13.2706615639	0.0	0.0	74.8837236033	16.2672625622	3.066751480102539	1.8438712358474727	2.836175441741944	1.1082401275634766	6.314578056335449	5.2199907302856445	3.8700790405273438	3.0319790840148926	1.2893528938293457	1.5875574350357056
Wellenlänge	Wellenlänge	82	12	5	478,488	p1	7	physics	1	11			0	0	0	0	0	0	0	0	1	0	0	0	NN	Wellenlänge	11.0	nn	Wellenlänge	11.0	wel-len-län-ge	4.0	1.82304261611	1.82304261611	2.79587701663	52.1161285995	188.357777036	11.5982955548	3.18127856361	50830.8835551	112729.132955	3938451.48161	8806627.19715	519064.639835	1146912.21671	194936.704328	326616.238153	13240.8075713	4570.94826919	879.744775996	0.00636613395067	0.128884490996	0.0	0.0	0.0	0.0	0.0	0.0	0.972834400523	0.428085856899	3.301318407058716	4.839347362518311	2.2130789756774902	3.788270711898804	5.188713073730469	6.338634014129639	4.151042461395264	5.537077903747559	0.33763507939875126	0.28754985332489014
ebenfalls	ebenfalls	83	13	5	489,497	p1	7	physics	1	9			0	0	0	0	0	0	0	0	0	0	0	0	ADV	ebenfalls	9.0	adv	ebenfalls	9.0	e-ben-falls	3.0	111.63070369	111.63070369	116.298673797	118.628571311	8.98980299489	615.340006556	210.771343663	13208.9656386	31941.6262126	3011319.34518	7035284.54867	407850.677146	798973.878201	141995.236104	177290.901463	45007.5949345	655.477833899	586.561917962	0.0179919402622	0.228798679957	0.0	0.0	4.6843202647	1.2842575707	0.0	0.0	4.74972089667	3.4246868552	6.6839213371276855	5.79826545715332	7.613269805908203	6.2460713386535645	7.0472331047058105	5.954194068908691	6.677361488342285	5.343337059020996	5.149649143218994	3.8944966793060303
von	von	84	14	5	498,500	p1	7	physics	1	3			0	0	0	0	0	0	0	0	0	0	0	0	APPR	von	3.0	appr	von	3.0	von	1.0	7955.34104766	7955.34104766	8265.3727435	7955.34104766	0.428085856899	7856.20634881	12401.4928732	8585.23905938	340.756342092	620899.645044	1436353.90714	258695.641457	333765.271963	253104.606831	264495.4152	23102.1601118	13320.2529889	7993.18348833	0.0874371201871	0.312235645495	0.0	0.0	3224.03042889	30.8221816968	0.0	0.0	3276.15473257	38.9558129779	4.452523231506348	2.900545597076416	4.954080581665039	2.001753330230713	3.6590354442596436	3.7733211517333984	4.40655517578125	4.406015396118164	0.014871803112328053	0.004870811477303505
jener	jener	85	15	5	501,505	p1	7	physics	1	5			0	0	0	0	0	0	0	0	0	0	0	0	PDS	jener	5.0	pds	jene	4.0	je-ner	2.0	10.9137304597	127.277804889	62.7927817682	276.383070697	2.9966009983	515.7459469	237.214751821	9485.54415905	10771.4963313	2363633.96388	5065643.96955	508384.038103	890229.368402	213474.59521	169157.698268	4280.33238596	2867.44165816	427.401304989	0.0126043839832	0.183391556233	284.599025087	0.428085856899	449.678395254	9.41788885179	284.599025087	0.428085856899	572.607058116	11.9864039932	6.851002216339111	6.311651229858398	5.938985347747803	5.496419906616211	8.289654731750488	7.866839408874512	7.947351932525635	7.504960060119629	2.6787452697753906	3.291473865509033
der	der	86	16	5	506,508	p1	7	physics	1	3			0	0	0	0	0	0	0	0	0	0	0	0	ART	der	3.0	art	d	1.0	der	1.0	24738.5901996	26530.3631386	80100.3069113	26530.3631386	0.428085856899	9372.80956103	30912.3596552	38163.5169	19310.096833	1332151.97174	2710999.66609	487983.455471	535760.152056	398226.025843	178781.068331	110461.430317	53801.2331077	27238.2432288	0.129811235347	0.318759302208	0.0	0.0	25590.4497812	36.8153836934	0.0	0.0	33289.1996244	55.22307554	1.3425555229187012	2.594999551773072	1.09081768989563	2.477080106735229	1.3251943588256836	1.3471132516860962	1.3332810401916504	1.4020743370056152	0.22848433256149292	0.044695936143398285
Anregung	Anregung	87	17	5	509,516	p1	7	physics	1	8			0	0	0	0	0	0	0	0	1	0	0	0	NN	Anregung	8.0	nn	Anregung	8.0	an-re-gung	3.0	16.227531807	16.227531807	28.3266487211	20.6011990699	17.123434276	153.929552961	30.4937189146	25465.1421703	53990.1882722	2523896.50393	5642421.59608	209763.657076	522724.937714	96114.7552843	239334.240875	19822.5963712	3723.58498109	66.9375468192	0.00607997936919	0.146533026793	0.0	0.0	1.78216722113	0.856171713799	0.0	0.0	1.78216722113	0.856171713799	3.836158275604248	1.305922508239746	3.8900108337402335	1.7745659351348877	11.30521011352539	9.746057510375977	8.710810661315918	2.766615390777588	4.942165374755859	0.11535351723432541
verschieden	verschieden	88	18	5	517,527	p1	7	physics	1	11			0	0	0	0	0	0	0	0	0	0	0	0	ADJD	verschieden	11.0	adjd	verschieden	11.0	ver-schie-den	3.0	35.6842198175	35.8395463184	324.697787563	779.085028318	896.411784347	153.551347672	66.4499258995	39454.7542773	63102.4238221	4371660.55074	9279475.42359	954628.744851	1727081.13939	459308.393058	698774.390192	23102.1601118	7335.96436261	7300.98319958	0.0187229742416	0.251299160352	0.0	0.0	6.09043385201	2.9966009983	79.0366637333	0.428085856899	85.2905991652	5.56511613969	7.066501140594482	5.570983409881592	8.888825416564941	3.8420374393463135	9.183868408203125	11.202054977416992	6.7828049659729	7.391482830047607	2.5978384017944336	1.508876085281372
ist	ist.	89	19	5	528,530	p1	7	physics	1	3		$.	0	0	0	0	1	1	0	0	0	0	0	0	VAFIN	ist	3.0	vafin	sein	4.0	ist	1.0	6193.1128442	6201.98280491	17044.4184006	6201.98280491	0.428085856899	5647.61352462	10628.2947571	6392.98535058	321.920564388	917956.027182	2251465.76597	202181.475685	311508.232091	153618.244592	108375.49979	37971.7622471	6331.86028492	6216.50992029	0.0707295422332	0.285080866351	0.0	0.0	174.505236248	21.8323787019	0.0	0.0	350.048707529	42.380499833	0.6347974538803101	0.21787990629673	1.3798866271972656	0.2217920124530792	0.4299777150154114	0.21700701117515564	0.30465543270111084	0.16549161076545715	29.308024298399687	25.807926094159484
Atome	Atome,	90	1	6	532,536	p1	7	physics	1	5		$,	0	0	0	1	0	0	0	0	1	0	0	0	NN	Atome	5.0	nn	Atom	4.0	a-to-me	3.0	5.02767358254	5.02767358254	10.6112525368	8.34675565491	2.5685151414	22.3141121	9.17139332242	15702.3238569	67501.0060018	1294299.582	3059802.30995	182766.055473	313861.848132	153842.004679	218584.491306	19822.5963712	307.162243116	70.9596856852	0.0108495896407	0.194182666223	0.0	0.0	3.19645588743	3.4246868552	0.0	0.0	8.59200802479	6.42128785349	26.74709129333496	9.414709091186523	23.355073928833008	8.778879165649414	15.762107849121094	12.26790714263916	16.519084930419922	12.972000122070312	28.884650699794292	27.772365622222424
die	die	91	2	6	538,540	p1	7	physics	1	3			0	0	1	0	0	0	0	0	0	0	0	0	PRELS	die	3.0	art	d	1.0	die	1.0	20527.116504	24520.1275636	80100.3069113	24520.1275636	0.428085856899	9091.29875697	30440.211361	33694.5118659	1928.95487119	1361337.08551	2613060.47141	356516.797331	303924.26305	343523.065172	189343.230678	110461.430317	29991.8223867	29048.3692201	0.0938387928357	0.266249299869	0.0	0.0	15201.9436218	35.5311261227	0.0	0.0	15852.8515865	58.2196765383	2.6492249965667725	0.2291953414678573	2.3296008110046387	0.190208688378334	1.230759620666504	0.23320043087005615	1.2961552143096924	0.4513704478740692	0.04370856285095215	0.24007071554660797
sich	sich	92	3	6	541,544	p1	7	physics	1	4			0	0	0	0	0	0	0	0	0	0	0	0	PRF	sich	4.0	prf	sich	4.0	sich	1.0	6557.46793998	6557.46793998	6566.55045274	6557.81946837	0.856171713799	6282.99841154	11211.8033194	6926.29480396	1064.22144025	990057.517976	2298056.06212	287477.77288	411907.636196	194753.386357	108862.23341	48925.779496	15113.3748159	6879.41072592	0.109257424523	0.373105981887	0.0	0.0	1254.85010065	21.404292845	0.0	0.0	4636.93750684	29.5379241261	3.28985857963562	2.1515491008758545	2.0552423000335693	2.282904624938965	2.2256386280059814	2.2658870220184326	1.8702011108398438	1.5630497932434082	0.042103447020053864	0.32028838992118835
nur	nur	93	4	6	545,547	p1	7	physics	1	3			0	0	0	0	0	0	0	0	0	0	0	0	ADV	nur	3.0	adv	nur	3.0	nur	1.0	2370.65845773	2374.50074486	2550.53472088	2374.50074486	0.428085856899	3849.3734399	4301.83350274	2556.27362634	114.298923792	990769.99246	2259712.41192	155105.185185	132036.233187	143272.158917	87642.8736547	21439.2836433	3127.83427434	2376.08671019	0.0228255016873	0.177816950942	0.0	0.0	2602.20122014	28.2536665554	0.0	0.0	2611.74153732	33.3906968382	5.338977813720703	5.32719612121582	4.23822021484375	5.184235095977783	5.312228202819824	4.052707672119141	4.566465854644775	4.419425010681152	1.6639317274093628	1.1006946563720703
in	in	94	5	6	548,549	p1	7	physics	1	2			0	0	0	0	0	0	0	0	0	0	0	0	APPR	in	2.0	appr	in	2.0	in	1.0	13129.4221199	13165.4578681	14298.1641135	0.0	0.0	8527.89894355	19687.5208529	18583.5486983	15158.092107	842500.587604	1735372.30627	309490.415689	350022.68855	273957.116004	252232.89583	37971.7622471	15391.66268	-0.00817507899599	0.0682365415668	0.281559937821	0.0	0.0	9683.14399346	42.380499833	0.0	0.0	17389.6438116	75.7711966712	2.178089141845703	1.5919623374938965	2.0341219902038574	0.9136741161346436	2.0380146503448486	2.6843113899230957	1.4324182271957397	1.1665315628051758	0.04214482009410858	0.05997052416205406
ihrem	ihrem	95	6	6	550,554	p1	7	physics	1	5			0	0	0	0	0	0	0	0	0	0	0	0	PPOSAT	ihrem	5.0	pposat	ihr	3.0	ih-rem	2.0	305.478176843	305.478176843	3655.35577179	1671.75460421	7.70554542419	1058.09233252	562.682826527	4180.84167458	698.63611846	1798533.07527	3924691.56414	155146.861738	214841.308573	100425.686991	50666.5296792	37971.7622471	6598.66216304	3742.25686152	0.00495619565282	0.132526561504	1220.06513952	0.856171713799	1392.4939057	6.42128785349	2202.46438247	1.2842575707	2374.9503742	8.13363128109	4.706913948059082	3.361349582672119	3.863206148147583	2.235184669494629	5.242861747741699	4.832625865936279	4.401226043701172	4.4210615158081055	0.08703883737325668	0.06033679470419884
Impuls	Impuls	96	7	6	555,560	p1	7	physics	1	6			0	0	0	0	0	0	0	0	1	0	0	0	NN	Impuls	6.0	nn	Impuls	6.0	im-puls	2.0	4.40636757884	4.40636757884	12.6468472068	9.36046545041	6.84937371039	36.1816393939	8.20925053733	6228.05313183	1878.44074007	760527.043092	2119333.64156	90556.9033036	181905.238915	80462.7408635	127317.0147	8060.80774179	744.855972562	100.839599416	0.0239807777124	0.216838419668	0.0	0.0	0.016350157992	0.856171713799	6.67086446073	0.428085856899	6.7280900137	2.1404292845	11.54752254486084	7.082118511199951	5.656911849975586	7.127418518066406	8.722976684570312	5.612473011016846	7.791159629821777	5.778833389282227	4.760378360748291	4.107757568359375
unterscheiden	unterscheiden,	97	8	6	561,573	p1	7	physics	1	13		$,	0	0	0	0	1	0	0	0	0	0	0	0	VVFIN	unterscheiden	13.0	vvfin	unterscheiden	13.0	un-ter-schei-den	4.0	10.235198903	45.2899376378	99.1882334584	225.967358528	118.579782361	194.145382113	85.7083000334	42973.6271052	68992.0290413	5267980.93706	11366539.9533	1153708.04783	2192469.54169	532404.447612	811210.284335	32509.3788389	28906.6542257	2137.73410698	0.0373510293447	0.293783343859	0.0	0.0	30.7055967089	0.856171713799	0.0	0.0	32.5041140881	2.5685151414	4.8642120361328125	6.745057582855225	3.929732322692871	4.385544300079346	3.5000977516174316	2.3124399185180664	4.462687969207764	1.2018214464187622	27.521032065153122	26.071197405457497
können	können	98	9	6	575,580	p1	7	physics	1	6			0	0	1	0	0	0	0	0	0	0	0	0	VMFIN	können	6.0	vmfin	können	6.0	kön-nen	2.0	410.429840994	800.364758945	3346.01895766	1040.34420287	6.84937371039	2247.92617433	1485.25360998	13304.9737663	21461.2282639	2256673.84632	4790724.23565	449157.928849	734790.965676	355872.813658	463296.346715	11052.747678	1430.29547098	1371.06702365	0.0301274059589	0.356573992093	0.0	0.0	97.994671925	8.56171713799	0.0	0.0	382.953400488	14.5549191346	2.243417263031006	1.1053757667541504	1.6869982481002808	1.466840147972107	2.2780404090881348	1.8819819688796997	2.600249767303467	2.2889771461486816	0.12305153161287308	0.45935457944869995
also	also	99	10	6	581,584	p1	7	physics	1	4			0	0	0	0	0	0	0	0	0	0	0	0	ADV	also	4.0	adv	also	4.0	al-so	2.0	544.550187002	545.294119191	630.372166302	545.38404506	2.5685151414	1248.45566173	1017.77636388	13636.5059199	18335.3453369	797548.550507	2309355.8164	95513.9442036	134707.91702	67439.0388651	37405.71409	41334.1231877	9001.42415599	4724.78690573	0.00789224690364	0.168659174741	0.0	0.0	86.0508815118	7.27745956729	4153.65136184	0.428085856899	4240.05377175	13.2706615639	5.491443157196045	2.0219523906707764	5.813088417053223	1.455091118812561	5.539903163909912	3.030381441116333	5.896791458129883	2.882164239883423	3.718661308288574	2.769411563873291
Photonen	Photonen	100	11	6	585,592	p1	7	physics	1	8			0	0	0	0	0	0	0	1	0	0	0	0	NN	Photonen	8.0	nn	Photon	6.0	pho-to-nen	3.0	0.2043769749	0.2043769749	0.277952685864	3.64608523221	21.404292845	1.51282115933	0.341405504388	14538.102682	37041.8411117	2448196.80934	5595675.90476	467060.861346	876232.245139	350063.022093	499029.957448	10343.3797233	496.832250902	50.0805339295	0.01424270684	0.28154310644	0.956484242531	0.428085856899	0.997359637511	1.2842575707	0.956484242531	0.428085856899	0.997359637511	1.2842575707	8.461953163146973	3.493192672729492	7.266514301300049	2.8097469806671143	12.894880294799805	10.9891996383667	10.079049110412598	7.783642292022705	0.9608206755947322	0.031677633291110396
mit	mit	101	12	6	593,595	p1	7	physics	1	3			0	0	0	0	0	0	0	0	0	0	0	0	APPR	mit	3.0	adv	mit	3.0	mit	1.0	0.228902211888	6389.55999248	6727.32973136	6389.55999248	0.428085856899	6848.28925141	10606.5379154	9545.0750843	6105.78857696	754691.189375	1756517.60717	154872.35076	192565.004837	138846.449102	106042.43187	21052.512481	9522.82251927	6974.74032209	0.0635514315396	0.282257671036	0.0	0.0	1501.70478601	30.3940958399	0.0	0.0	1518.70077524	44.5209291175	3.102818012237549	0.9706047773361206	1.594778299331665	1.2734243869781494	3.6421709060668945	3.922337532043457	4.41066837310791	3.470660924911499	1.676074504852295	1.9508386850357056
unterschiedlicher	unterschiedlicher	102	13	6	596,612	p1	7	physics	1	17			0	0	0	0	0	0	0	0	0	0	0	0	ADJA	unterschiedlicher	17.0	adja	unterschiedlich	15.0	un-ter-schied-li-cher	5.0	6.54006319679	6.54006319679	42.82923886	23.7976549573	28.6817524123	59.6303673634	12.1819691338	32131.2896105	85837.2075103	6023234.52282	13306065.9766	1173640.54997	2308361.37296	441997.17278	597134.82136	32509.3788389	28906.6542257	2137.73410698	0.025683997485	0.278623941418	12.189042783	0.428085856899	13.5297557384	1.7123434276	23.3071502176	0.856171713799	24.6887385679	3.4246868552	3.1934847831726074	2.2408134937286377	2.1548452377319336	2.4027833938598637	4.628328323364258	5.238437652587891	2.4693779945373535	1.71842622756958	0.4882352650165558	0.3955528885126114
Frequenz	Frequenz	103	14	6	613,620	p1	7	physics	1	8			0	0	0	0	0	0	0	0	1	0	0	0	NN	Frequenz	8.0	nn	Frequenz	8.0	fre-quenz	2.0	3.2618565194	3.2618565194	5.03584866153	266.4176494	99.7440046576	19.4145382113	5.86596730266	82.1677189887	742.300875864	2598468.12754	5645330.86756	251747.813495	599083.040095	25984.6112149	67359.3095831	11807.4546207	3907.63870961	945.668613019	0.00601452842857	0.134570705043	0.0	0.0	0.00817507899599	0.428085856899	0.0	0.0	0.310653001848	1.2842575707	2.327969074249268	0.927235186100006	2.2886605262756348	1.4333752393722534	3.440765380859375	1.596600890159607	3.096721887588501	1.423069953918457	2.1696910858154297	1.6091248989105225
absorbieren	absorbieren	104	15	6	621,631	p1	7	physics	1	11			0	0	0	0	0	0	0	0	1	0	0	0	VVINF	absorbieren	11.0	vvinf	absorbieren	11.0	ab-sor-bie-ren	4.0	0.580430608715	0.703056793655	2.47704893579	41.1206473498	93.750802661	8.19444794635	1.33458515352	13900.4219951	34387.280713	3852669.78909	8867422.66629	757641.64896	1364025.37693	402464.608101	540354.369472	41334.1231877	4277.97796321	288.008033029	0.0133104521977	0.259584109942	0.0	0.0	0.0735757109639	0.856171713799	0.0	0.0	0.384228712812	2.5685151414	3.7907869815826416	2.554638862609864	4.294334888458252	2.5394446849823	7.795355319976807	5.544426441192627	7.087888240814209	4.666919708251953	0.005019709511543624	0.0020961806221748702
bzw.	bzw.	105	16	6	632,635	p1	7	physics	1	4			0	0	0	0	0	0	1	0	0	0	0	0	KON	bzw.	4.0	xy	bzw.	4.0			140.382456519	140.382456519	140.382456519	140.382456519	0.428085856899	463.427548473	245.299854903	140.382456519	0.428085856899	245581.253308	461457.71796	77992.9186975	21854.2110806	75071.7831205	16604.5942174	20337.830725	140.840260943	140.676759363	0.0857347034019	0.421104414855	0.0	0.0	0.00817507899599	0.428085856899	0.0	0.0	10.6112525368	1.7123434276	4.245011329650879	1.7471164464950562	3.217636823654175	2.1335411071777344	6.4788594245910645	6.699211597442627	5.720256805419922	5.754148006439209	32.975407123565674	32.15153527259827
emittieren	emittieren.	106	17	6	636,645	p1	7	physics	1	10		$.	0	0	0	0	1	1	0	0	1	0	0	0	VVINF	emittieren	10.0	vvinf	emittieren	10.0	e-mit-tie-ren	4.0	0.0735757109639	0.0817507899599	0.4087539498	1.79034230012	4.28085856899	1.26068429944	0.155184320176	24184.2871434	49015.830615	4532266.73841	9923582.39368	803306.888125	1462479.98699	413378.191409	544708.002637	45007.5949345	351.569272223	6.61363890776	0.1006507712	0.2321757104	0.0	0.0	0.024525236988	1.2842575707	0.171676658916	0.428085856899	0.28612776486	2.9966009983	9.895575523376465	0.1771538704633712	0.5503597259521484	0.2711591422557831	6.6421217918396	4.834723949432373	4.1840057373046875	1.4129678010940552	27.530267718437244	27.92690222823876
Befindet	Befindet	107	1	7	647,654	p1	7	physics	1	8			0	0	0	1	0	0	0	0	0	0	0	0	VVFIN	Befindet	8.0	vvfin	befinden	8.0	be-fin-det	3.0	0.629481082691	0.629481082691	138.616639456	25.7841991534	18.8357777036	6.68162678702	1.19491926536	24382.3447822	49258.5552959	2970256.40571	6204699.09845	376597.775249	531106.858792	143889.851536	209614.38026	17498.1271098	8127.15668292	258.185344851	3.24765064935e-05	0.039250060961	42.7066126751	0.856171713799	42.7147877541	1.2842575707	42.7066126751	0.856171713799	42.755663149	2.1404292845	24.15051651000977	10.300247192382812	21.846939086914062	9.74635887145996	11.035019874572754	12.286449432373047	11.431863784790039	10.57935619354248	0.0030740341171622276	0.007635957561433315
sich	sich	108	2	7	655,658	p1	7	physics	1	4			0	0	0	0	0	0	0	0	0	0	0	0	PRF	sich	4.0	prf	sich	4.0	sich	1.0	6557.46793998	6557.46793998	6566.55045274	6557.81946837	0.856171713799	6282.99841154	11211.8033194	6926.29480396	1064.22144025	990057.517976	2298056.06212	287477.77288	411907.636196	194753.386357	108862.23341	48925.779496	15113.3748159	6879.41072592	0.109257424523	0.373105981887	0.0	0.0	1254.85010065	21.404292845	0.0	0.0	4636.93750684	29.5379241261	0.3554131388664245	0.0337677150964736	0.3189505636692047	0.0969507992267608	0.03474629297852516	0.059852294623851776	0.07479320466518402	0.02800251916050911	0.028583792969584465	0.0007637205999344587
ein	ein	109	3	7	659,661	p1	7	physics	1	3			0	0	0	0	0	0	0	0	0	0	0	0	ART	ein	3.0	art	eine	4.0	ein	1.0	4621.55200817	4999.44503476	17543.4333976	4999.44503476	0.428085856899	5809.23325181	8404.82933604	11022.7206128	11717.9941609	1614569.79583	3344143.78548	401662.305848	493686.589782	324158.412201	289382.186491	45007.5949345	21503.4825387	20569.6023896	0.0272545875843	0.196343258894	0.0	0.0	1145.39396797	31.6783534106	13165.4578681	0.428085856899	22077.4630101	57.7915906814	2.197708368301392	1.5331809520721436	1.9960232973098757	1.3909287452697754	2.283393383026123	1.2021201848983765	2.9392433166503906	1.0660539865493774	0.2854554355144501	0.6220720410346985
Atom	Atom	110	4	7	662,665	p1	7	physics	1	4			0	0	0	0	0	0	0	0	1	0	0	0	NN	Atom	4.0	nn	Atom	4.0	a-tom	2.0	3.0656546235	3.0656546235	10.6112525368	3.13923033446	1.7123434276	20.4230856509	5.40041434213	9726.23483485	36663.8413	522230.373775	1451030.83074	62763.8338135	119358.470535	52990.6822003	71550.698208	19822.5963712	307.162243116	70.9596856852	0.0116412412533	0.117839640387	27.8034436654	0.428085856899	28.1140966672	4.70894442589	32.8311172479	0.856171713799	36.648879139	8.56171713799	9.404948234558104	0.5414312481880188	8.088969230651855	0.4485093057155609	9.866077423095703	1.7111988067626953	9.093866348266602	0.9430716037750244	2.31020450592041	0.014422457665205002
in	in	111	5	7	666,667	p1	7	physics	1	2			0	0	0	0	0	0	0	0	0	0	0	0	APPR	in	2.0	appr	in	2.0	in	1.0	13129.4221199	13165.4578681	14298.1641135	0.0	0.0	8527.89894355	19687.5208529	18583.5486983	15158.092107	842500.587604	1735372.30627	309490.415689	350022.68855	273957.116004	252232.89583	37971.7622471	15391.66268	-0.00817507899599	0.0682365415668	0.281559937821	0.0	0.0	9683.14399346	42.380499833	0.0	0.0	17389.6438116	75.7711966712	3.0199053287506104	0.5240207314491272	2.1915395259857178	0.6160457134246826	1.8166617155075073	1.0601272583007812	2.6969106197357178	1.1150673627853394	0.013954336754977703	0.009547879919409752
einem	einem	112	6	7	668,672	p1	7	physics	1	5			0	0	0	0	0	0	0	0	0	0	0	0	ART	einem	5.0	art	eine	4.0	ei-nem	2.0	1782.61685047	1790.34230012	17543.4333976	7303.86082739	14.1268332777	3919.97176067	3153.9350864	17827.7708202	6388.75332837	2493277.74291	5201994.02392	301314.568235	387807.68671	171268.730649	89262.7505372	45007.5949345	21503.4825387	20569.6023896	0.0251622544387	0.156656778568	4450.57840605	0.856171713799	5459.35045384	11.5583181363	9052.86175303	1.2842575707	10785.1855175	20.9762069881	0.5586535930633545	0.372559517621994	0.3053358495235443	0.5390198230743408	1.3706843852996826	1.0002083778381348	0.7409254312515259	0.8810259699821472	0.03662818297743797	0.04793882742524147
Kristallgitter	Kristallgitter,	113	7	7	673,686	p1	7	physics	1	14		$,	0	0	0	0	0	0	0	0	1	0	0	0	NN	Kristallgitter	14.0	nn	Kristallgitter	14.0	kri-stall-git-ter	4.0	0.188026816908	0.188026816908	0.253427448876	41.7337782745	218.751872876	1.38675272938	0.356923936405	11246.1618719	32528.1038365	4024341.73099	9940396.32189	582942.548888	1302687.52301	262284.852665	338143.306021	13511.0511576	2119.20937797	794.478702068	0.028753546913	0.220935966478	0.0	0.0	0.0	0.0	0.0	0.0	0.0654006319679	0.856171713799	6.727503776550293	8.418972969055176	6.0103020668029785	7.398846626281738	15.92582893371582	16.101966857910156	7.454164505004883	7.403149127960205	27.576549351215363	28.505722358822823
überträgt	überträgt	114	8	7	688,696	p1	7	physics	1	9			0	0	1	0	0	0	0	0	0	0	0	0	VVFIN	überträgt	9.0	vvfin	übertragen	10.0	ü-ber-trägt	3.0	4.43089281583	4.43089281583	54.7566791152	504.083545972	166.525398334	44.5021557702	8.33339799347	16875.1697402	24872.2163717	2277153.98882	5534572.64189	347452.956447	645439.173281	126232.228635	149218.743311	4201.6554257	4185.99197435	3864.02466317	0.0549185754723	0.24685776721	0.0	0.0	0.220727132892	0.856171713799	0.0	0.0	0.24525236988	2.1404292845	9.998788833618164	9.293212890625	10.642585754394531	10.591137886047363	8.716858863830566	7.650644302368164	9.227121353149414	9.139622688293457	0.006748005049303174	0.021332225995138288
sich	sich	115	9	7	697,700	p1	7	physics	1	4			0	0	0	0	0	0	0	0	0	0	0	0	PRF	sich	4.0	prf	sich	4.0	sich	1.0	6557.46793998	6557.46793998	6566.55045274	6557.81946837	0.856171713799	6282.99841154	11211.8033194	6926.29480396	1064.22144025	990057.517976	2298056.06212	287477.77288	411907.636196	194753.386357	108862.23341	48925.779496	15113.3748159	6879.41072592	0.109257424523	0.373105981887	0.0	0.0	1254.85010065	21.404292845	0.0	0.0	4636.93750684	29.5379241261	1.8617169857025144	0.5377540588378906	1.6877903938293457	1.787927508354187	2.0140514373779297	2.1857964992523193	1.6465295553207397	1.9231834411621094	0.00638954620808363	0.02646787092089653
der	der	116	10	7	701,703	p1	7	physics	1	3			0	0	0	0	0	0	0	0	0	0	0	0	ART	der	3.0	art	d	1.0	der	1.0	24738.5901996	26530.3631386	80100.3069113	26530.3631386	0.428085856899	9372.80956103	30912.3596552	38163.5169	19310.096833	1332151.97174	2710999.66609	487983.455471	535760.152056	398226.025843	178781.068331	110461.430317	53801.2331077	27238.2432288	0.129811235347	0.318759302208	0.0	0.0	25590.4497812	36.8153836934	0.0	0.0	33289.1996244	55.22307554	2.62727952003479	0.9910151362419128	3.0756006240844727	0.787015974521637	1.9062657356262207	3.0087594985961914	2.922963857650757	1.9425301551818848	0.3111761808395386	0.10906127095222473
Rückstoß	Rückstoß	117	11	7	704,711	p1	7	physics	1	8			0	0	0	0	0	0	0	0	1	0	0	0	NN	Rückstoß	8.0	nn	Rückstoß	8.0	rück-stoß	2.0	0.482329660764	0.482329660764	0.604955845703	61.0269647051	24.8289797002	4.16025818814	0.91558748904	1189.88274787	2573.65217168	916224.741653	2562165.77197	83161.9884464	254417.846043	23636.900204	57097.6635074	9222.31479046	423.509967387	329.578309723	0.0178111062712	0.173680539576	0.0	0.0	0.00817507899599	0.428085856899	0.0	0.0	0.00817507899599	0.428085856899	6.770117282867432	0.8100361227989197	7.81263542175293	0.614100992679596	10.67769718170166	2.435401439666748	9.909551620483398	1.866153597831726	3.459670305252075	0.0030597252189181745
auf	auf	118	12	7	712,714	p1	7	physics	1	3			0	0	0	0	0	0	0	0	0	0	0	0	APPR	auf	3.0	appr	auf	3.0	auf	1.0	5092.06867979	5591.37797963	5914.8658555	5591.37797963	0.428085856899	6569.04767908	9351.09676518	8980.91288279	7572.83880855	489216.952266	1286948.94648	95233.9886234	112163.203452	83805.1382611	46267.0913278	41334.1231877	16266.7803613	7317.89743803	0.0692951484301	0.289895292654	0.0	0.0	3235.89246851	19.2638635605	0.0	0.0	3376.16047392	32.5345251244	2.6142938137054443	1.2070281505584717	1.2656760215759275	3.044374942779541	1.8523082733154297	2.80556583404541	1.5034170150756836	3.702533721923828	0.08608300983905792	0.030538124963641167
dieses	dieses	119	13	7	715,720	p1	7	physics	1	6			0	0	0	0	0	0	0	0	0	0	0	0	PDS	dieses	6.0	pds	diese	5.0	die-ses	2.0	22.367016133	510.525508221	4932.97346745	2820.73743186	17.5515201329	1825.0926603	945.569099698	34799.6190446	5123.75962123	2673213.44705	5709885.78669	429144.248182	545017.936797	273552.253392	180125.686008	110461.430317	29991.8223867	29048.3692201	0.0180250275644	0.157507133053	1741.99488294	0.856171713799	2310.3018495	7.70554542419	2879.48354952	1.2842575707	3447.88861703	10.2740605656	3.169102191925049	4.107324600219727	5.7769083976745605	4.829923629760742	5.083092212677002	2.962294340133667	5.202330589294434	4.42515754699707	0.8745282888412476	0.3009418249130249
und	und	120	14	7	721,723	p1	7	physics	1	3			0	0	0	0	0	0	0	0	0	0	0	0	KON	und	3.0	kon	und	3.0	und	1.0	22313.7473183	22313.7473183	23398.5884761	22313.7473183	0.428085856899	9064.0679761	29467.6401896	23513.5137367	723.037012303	869972.90787	1656300.13956	195202.966651	251153.263298	160187.509171	58920.0250002	32509.3788389	28906.6542257	22352.5789435	0.120238001286	0.419307858966	0.0	0.0	2201.34439665	22.6885504157	0.0	0.0	2454.42031712	42.8085856899	2.120774984359741	0.9940585494041444	1.5995776653289795	0.8837694525718689	4.754995346069336	4.479834079742432	2.8717329502105713	2.485851764678955	0.27269500494003296	0.19672542810440063
die	die	121	15	7	724,726	p1	7	physics	1	3			0	0	0	0	0	0	0	0	0	0	0	0	ART	die	3.0	art	d	1.0	die	1.0	20527.116504	24520.1275636	80100.3069113	24520.1275636	0.428085856899	9091.29875697	30440.211361	33694.5118659	1928.95487119	1361337.08551	2613060.47141	356516.797331	303924.26305	343523.065172	189343.230678	110461.430317	29991.8223867	29048.3692201	0.0938387928357	0.266249299869	0.0	0.0	15201.9436218	35.5311261227	0.0	0.0	15852.8515865	58.2196765383	3.302251100540161	3.206084728240967	2.348444938659668	2.5515029430389404	3.0392508506774902	3.5411550998687744	2.399449110031128	2.4630653858184814	0.003267784370109439	0.004612639080733061
Energie	Energie	122	16	7	727,733	p1	7	physics	1	7			0	0	0	0	0	0	0	0	1	0	0	0	NN	Energie	7.0	nn	Energie	7.0	e-ner-gie	3.0	35.9294721874	35.9294721874	41.0388965599	36.0193980563	3.8527727121	230.579158367	65.0222301539	13112.9329856	33433.5054238	2876982.82556	6217316.07291	450008.17794	759201.705494	203236.919258	239974.229231	14903.9783425	1881.82960917	74.0743907827	0.0311393321197	0.222351012169	0.0	0.0	0.0981009479519	1.7123434276	0.0	0.0	6.42561209085	4.28085856899	4.575040340423584	2.659607648849488	5.2534661293029785	3.575204849243164	3.927759885787964	3.249579668045044	3.2247776985168457	2.834537982940674	3.4809131622314453	3.0349578857421875
von	von	123	17	7	734,736	p1	7	physics	1	3			0	0	0	0	0	0	0	0	0	0	0	0	APPR	von	3.0	appr	von	3.0	von	1.0	7955.34104766	7955.34104766	8265.3727435	7955.34104766	0.428085856899	7856.20634881	12401.4928732	8585.23905938	340.756342092	620899.645044	1436353.90714	258695.641457	333765.271963	253104.606831	264495.4152	23102.1601118	13320.2529889	7993.18348833	0.0874371201871	0.312235645495	0.0	0.0	3224.03042889	30.8221816968	0.0	0.0	3276.15473257	38.9558129779	4.913532733917236	5.2932538986206055	5.887044906616211	5.839203834533691	4.43193244934082	4.559636116027832	5.2036519050598145	5.330403804779053	0.9631692171096802	0.6809417605400085
absorbiertem	absorbiertem	124	18	7	737,748	p1	7	physics	1	12			0	0	0	0	0	0	0	0	1	0	0	0	ADJA	absorbiertem	12.0	adja	absorbiert	10.0	ab-sor-bier-tem	4.0			0.539555213736																										11.877474784851074	7.047395706176758	10.147794723510742	7.160169124603272	13.033233642578125	12.071528434753418	10.034364700317383	8.158003807067871	0.04760348075069487	0.00823363753988815
und	und	125	19	7	749,751	p1	7	physics	1	3			0	0	0	0	0	0	0	0	0	0	0	0	KON	und	3.0	kon	und	3.0	und	1.0	22313.7473183	22313.7473183	23398.5884761	22313.7473183	0.428085856899	9064.0679761	29467.6401896	23513.5137367	723.037012303	869972.90787	1656300.13956	195202.966651	251153.263298	160187.509171	58920.0250002	32509.3788389	28906.6542257	22352.5789435	0.120238001286	0.419307858966	0.0	0.0	2201.34439665	22.6885504157	0.0	0.0	2454.42031712	42.8085856899	2.52658486366272	1.417569279670715	2.307703733444214	1.4767662286758425	5.371320724487305	5.329297065734863	5.535671234130859	4.765998363494873	0.6335733532905579	0.4328940510749817
emittiertem	emittiertem	126	20	7	752,762	p1	7	physics	1	11			0	0	0	0	0	0	0	0	1	0	0	0	ADJA	emittiertem	11.0	adja	emittieren	10.0	e-mit-tier-tem	4.0			0.4087539498																										0.754626452922821	0.0801535919308662	0.4490142166614532	0.1039187312126159	4.787149906158447	1.6485002040863037	3.799238681793213	0.32246121764183044	0.00786968768807128	0.0008935089799706475
Photon	Photon	127	21	7	763,768	p1	7	physics	1	6			0	0	0	0	0	0	0	1	0	0	0	0	NN	Photon	6.0	nn	Photon	6.0	pho-ton	2.0	0.04087539498	0.04087539498	0.277952685864	4.46359313181	15.4110908484	0.504273719775	0.0775921600881	529.687893387	3655.42513206	1203252.05133	3006413.15422	244396.839688	414859.716265	220143.358676	294427.178315	10343.3797233	496.832250902	50.0805339295	3.3684e-05	0.1006119042	2.4525236988	1.7123434276	2.46887385679	2.5685151414	4.4962934478	2.1404292845	4.54534392177	3.4246868552	1.459742307662964	0.0380285233259201	0.3378190994262695	0.043617270886898	8.301377296447754	0.7109546065330505	6.2031049728393555	0.34407028555870056	0.7788483500480652	0.03552415384911001
entsprechen	entsprechen	128	22	7	769,779	p1	7	physics	1	11			0	0	0	0	0	0	0	0	0	0	0	0	VVFIN	entsprechen	11.0	vvfin	entsprechen	11.0	ent-spre-chen	3.0	12.262618494	30.9099736838	115.628317319	247.418765814	209.333984024	234.361211265	58.2096384981	11762.4508109	22812.6953142	4530565.00579	10099007.2689	864185.450621	1724312.70816	441451.142903	618414.54122	45007.5949345	2892.41652449	2177.579442	0.0585244411568	0.309913313033	0.0	0.0	8.46120676085	1.7123434276	71.7281431108	0.428085856899	85.0208215583	3.8527727121	9.103375434875488	7.419164180755615	9.193568229675291	6.501275539398193	15.421127319335938	14.115673065185547	10.192117691040039	7.731983661651611	5.167845249176025	5.4735894203186035
in	in	129	23	7	780,781	p1	7	physics	1	2			0	0	0	0	0	0	0	0	0	0	0	0	APPR	in	2.0	appr	in	2.0	in	1.0	13129.4221199	13165.4578681	14298.1641135	0.0	0.0	8527.89894355	19687.5208529	18583.5486983	15158.092107	842500.587604	1735372.30627	309490.415689	350022.68855	273957.116004	252232.89583	37971.7622471	15391.66268	-0.00817507899599	0.0682365415668	0.281559937821	0.0	0.0	9683.14399346	42.380499833	0.0	0.0	17389.6438116	75.7711966712	4.289465427398682	3.1140894889831543	3.6788830757141113	3.615607976913452	3.224982261657715	3.278139591217041	3.7527992725372314	3.895810127258301	0.006733584217727184	0.01639818586409092
etwa	etwa	130	24	7	782,785	p1	7	physics	1	4			0	0	0	0	0	0	0	0	0	0	0	0	ADV	etwa	4.0	adv	etwa	4.0	et-wa	2.0	382.348444643	382.348444643	395.493971668	382.405670196	1.7123434276	1461.38523991	702.131456638	3277.83062376	4892.16517265	1354004.10505	3118736.88987	84849.8806565	106584.816651	55710.5718576	35306.3810478	45007.5949345	1193.08737883	1013.96322295	0.0141229231129	0.183056295258	0.0	0.0	13.2027525785	1.7123434276	618.739028891	0.428085856899	632.644838263	5.56511613969	2.521335363388061	2.951113700866699	2.825831413269043	3.49683165550232	2.322882652282715	2.1261630058288574	0.5058072209358215	0.6906654238700867	0.5849764943122864	0.034690335392951965
der	der	131	25	7	786,788	p1	7	physics	1	3			0	0	0	0	0	0	0	0	0	0	0	0	ART	der	3.0	art	d	1.0	der	1.0	24738.5901996	26530.3631386	80100.3069113	26530.3631386	0.428085856899	9372.80956103	30912.3596552	38163.5169	19310.096833	1332151.97174	2710999.66609	487983.455471	535760.152056	398226.025843	178781.068331	110461.430317	53801.2331077	27238.2432288	0.129811235347	0.318759302208	0.0	0.0	25590.4497812	36.8153836934	0.0	0.0	33289.1996244	55.22307554	0.4666762948036194	0.3900226950645447	0.2272740453481674	0.2627040147781372	1.5154575109481812	1.692207932472229	0.980682373046875	0.8824966549873352	0.07845251262187958	0.10933231562376022
Anregungsenergie	Anregungsenergie.	132	26	7	789,804	p1	7	physics	1	16		$.	0	0	0	0	1	1	0	0	1	0	0	0	NN	Anregungsenergie	16.0	nn	Anregungsenergie	16.0	an-re-gungs-e-ner-gie	6.0	0.016350157992	0.016350157992	0.016350157992	0.604955845703	4.70894442589	0.126068429944	0.0310368640353	37224.6908281	87639.020882	6426250.48277	14164720.1603	837369.744525	1715242.85311	256647.032062	437182.681359	19822.5963712	3723.58498109	66.9375468192	0.000399834	0.0849420845	0.0	0.0	0.0	0.0	0.0	0.0	0.0	0.0	7.939963340759277	5.900174617767334	8.668066024780273	5.014590740203857	14.165678977966309	9.163832664489746	11.305583000183105	6.258755683898926	26.279840890085325	24.770809779000047
Dies	Dies	133	1	8	806,809	p1	7	physics	1	4			0	0	0	1	0	0	0	0	0	0	0	0	PDS	Dies	4.0	pds	diese	5.0	dies	1.0	121.318172301	121.32634738	4932.97346745	129.395150349	6.84937371039	612.692569527	230.215938982	554.33575656	190.49820632	1431937.88523	3142809.86995	220225.272967	347484.995591	124325.775688	178158.631495	19121.5915224	6400.40832231	5199.86527143	0.00281227133196	0.0104311064619	315.59892464	0.428085856899	372.889878244	23.5447221295	4781.07232462	1.2842575707	4855.23664127	32.5345251244	13.31581974029541	3.9600229263305664	17.324268341064453	4.034587860107422	6.566685676574707	6.442821025848389	6.611854553222656	6.2732062339782715	3.6525938510894775	1.7669185400009155
wird	wird	134	2	8	810,813	p1	7	physics	1	4			0	0	0	0	0	0	0	0	0	0	0	0	VAFIN	wird	4.0	vafin	werden	6.0	wird	1.0	2344.60448097	2347.81728702	8998.09689884	2352.31358046	4.70894442589	4665.03618164	4186.0194446	2383.28895478	15.8391767053	988692.582261	1945833.01227	114090.380583	81194.6163923	94464.2477104	32816.2056182	34258.3961147	10849.3026621	4840.94660319	0.0454900900655	0.324052246465	0.0	0.0	89.680616586	11.5583181363	0.0	0.0	1784.98762338	16.2672625622	5.76209020614624	2.98575758934021	6.973917007446289	2.5444211959838867	4.072534561157227	3.4808692932128906	4.245783805847168	2.386950969696045	0.08311603963375092	0.016268711537122726
in	in	135	3	8	814,815	p1	7	physics	1	2			0	0	0	0	0	0	0	0	0	0	0	0	APPR	in	2.0	appr	in	2.0	in	1.0	13129.4221199	13165.4578681	14298.1641135	0.0	0.0	8527.89894355	19687.5208529	18583.5486983	15158.092107	842500.587604	1735372.30627	309490.415689	350022.68855	273957.116004	252232.89583	37971.7622471	15391.66268	-0.00817507899599	0.0682365415668	0.281559937821	0.0	0.0	9683.14399346	42.380499833	0.0	0.0	17389.6438116	75.7711966712	3.1534311771392822	1.9558850526809688	4.19683837890625	3.356200695037842	2.9836392402648926	3.0155704021453857	3.1255974769592285	3.094041347503662	0.3970783054828644	0.23873881995677948
der	der	136	4	8	816,818	p1	7	physics	1	3			0	0	0	0	0	0	0	0	0	0	0	0	ART	der	3.0	art	d	1.0	der	1.0	24738.5901996	26530.3631386	80100.3069113	26530.3631386	0.428085856899	9372.80956103	30912.3596552	38163.5169	19310.096833	1332151.97174	2710999.66609	487983.455471	535760.152056	398226.025843	178781.068331	110461.430317	53801.2331077	27238.2432288	0.129811235347	0.318759302208	0.0	0.0	25590.4497812	36.8153836934	0.0	0.0	33289.1996244	55.22307554	1.2112720012664795	0.5150779485702515	1.5882869958877563	0.4479870200157165	1.4000599384307861	0.557045042514801	1.362184762954712	0.5627974271774292	0.0017326356610283256	0.0020092790946364403
Mößbauerspektroskopie	Mößbauerspektroskopie	137	5	8	819,839	p1	7	physics	1	21			0	0	0	0	0	0	0	1	0	0	0	0	NN	Mößbauerspektroskopie	21.0	nn	Mößbauerspektroskopie	21.0	möß-bau-er-spek-tro-sko-pie	7.0																													37.35335159301758	7.919658660888672	42.21986770629883	13.187438011169434	39.06193161010742	42.766727447509766	33.264808654785156	26.82343292236328	15.0949856386992	14.435441123720011
benutzt	benutzt,	138	6	8	840,846	p1	7	physics	1	7		$,	0	0	0	0	0	0	0	0	0	0	0	0	VVFIN	benutzt	7.0	vvfin	benutzen	8.0	be-nutzt	2.0	6.98969254157	41.6929028796	77.3035469861	64.4523228044	18.4076918467	236.126169285	78.8646715136	22440.6654197	47181.0546323	2107229.74801	4848610.43331	356445.036487	631883.406536	135333.838384	117819.073793	20337.830725	14068.4280436	207.46715476	0.0781655184999	0.36950431145	0.0	0.0	16.7670870208	2.9966009983	0.0	0.0	27.4028647946	3.8527727121	5.413053512573242	4.075472831726074	6.532909870147705	6.986723899841309	8.785260200500488	10.208489418029785	6.492354393005371	6.738790035247803	31.322784423828125	31.31703758239746
um	um	139	7	8	848,849	p1	7	physics	1	2			0	0	1	0	0	0	0	0	0	0	0	0	KOUI	um	2.0	koui	um	2.0	um	1.0	852.284685648	2023.33205151	2173.54912806	0.0	0.0	4188.62358488	3500.91170788	3894.37873148	7287.305542	284093.257475	675479.670203	72866.620962	59765.4945676	72242.2084283	40588.5324361	32509.3788389	2649.44500165	-0.00817507899599	0.0281983861756	0.174663736456	4320.93800333	0.428085856899	7422.20327094	36.8153836934	4320.93800333	0.428085856899	9288.90898396	64.2128785349	0.3376395404338836	0.1534325778484344	0.1870937645435333	0.2535398602485657	0.26600757241249084	0.4014946520328522	0.1225132867693901	0.5917152166366577	0.0006307758158072829	0.0029357452876865864
mit	mit	140	8	8	850,852	p1	7	physics	1	3			0	0	0	0	0	0	0	0	0	0	0	0	APPR	mit	3.0	appr	mit	3.0	mit	1.0	6311.02200856	6389.55999248	6727.32973136	6389.55999248	0.428085856899	6848.28925141	10606.5379154	9545.0750843	6105.78857696	754691.189375	1756517.60717	154872.35076	192565.004837	138846.449102	106042.43187	21052.512481	9522.82251927	6974.74032209	0.0635514315396	0.282257671036	0.0	0.0	1501.70478601	30.3940958399	0.0	0.0	1518.70077524	44.5209291175	4.630600929260254	4.126694679260254	5.7111496925354	5.669147968292236	5.05785608291626	5.221992015838623	5.0504655838012695	4.815136909484863	0.0002748588449321687	0.0005134217790327966
Hilfe	Hilfe	141	9	8	853,857	p1	7	physics	1	5			0	0	0	0	0	0	0	0	0	0	0	0	NN	Hilfe	5.0	nn	Hilfe	5.0	hil-fe	2.0	106.34142758	106.34142758	110.82137087	117.222457724	13.6987474208	616.600690855	193.8252159	2959.20691989	10904.6310328	1387912.33801	3110251.8001	166984.122697	288201.525698	145889.050755	208920.025	10830.0176507	1321.5015197	232.025092064	0.0177400873106	0.214942668687	0.0	0.0	10.3496500089	7.27745956729	0.0	0.0	16.5627100459	9.41788885179	1.3883825540542605	0.7039132714271545	1.3006600141525269	0.8639196157455444	0.9418795108795166	1.2080392837524414	1.0677226781845093	1.1552307605743408	0.0062858969904482365	0.0046729170717298985
der	der	142	10	8	858,860	p1	7	physics	1	3			0	0	0	0	0	0	0	0	0	0	0	0	ART	der	3.0	art	d	1.0	der	1.0	24738.5901996	26530.3631386	80100.3069113	26530.3631386	0.428085856899	9372.80956103	30912.3596552	38163.5169	19310.096833	1332151.97174	2710999.66609	487983.455471	535760.152056	398226.025843	178781.068331	110461.430317	53801.2331077	27238.2432288	0.129811235347	0.318759302208	0.0	0.0	25590.4497812	36.8153836934	0.0	0.0	33289.1996244	55.22307554	1.304985284805298	0.9169170260429382	1.3893872499465942	1.285132884979248	1.7578696012496948	1.6414626836776733	1.6125140190124512	1.5030755996704102	0.25142723321914673	0.2464059293270111
Dopplerverschiebung	Dopplerverschiebung	143	11	8	861,879	p1	7	physics	1	19			0	0	0	0	0	0	0	1	0	0	0	0	NN	Dopplerverschiebung	19.0	nn	Dopplerverschiebung	20.0	dop-pler-ver-schie-bung	5.0	0.016350157992	0.016350157992	0.016350157992	0.662181398675	23.9728079864	0.252136859888	0.0310368640353	16595.4921127	43028.1937345	5242858.51055	12137482.7695	811742.515063	1813399.08732	165930.706543	452420.825521	19121.5915224	954.693900231	49.9170323495	6.16e-07	0.0083472325	0.0	0.0	0.0	0.0	0.0	0.0	0.0	0.0	7.756316661834717	8.262206077575684	5.620792388916016	4.311277866363525	15.420625686645508	14.459901809692383	11.715925216674805	10.579553604125977	0.12952557543030707	0.07009245681183529
der	der	144	12	8	880,882	p1	7	physics	1	3			0	0	0	0	0	0	0	0	0	0	0	0	ART	der	3.0	art	d	1.0	der	1.0	24738.5901996	26530.3631386	80100.3069113	26530.3631386	0.428085856899	9372.80956103	30912.3596552	38163.5169	19310.096833	1332151.97174	2710999.66609	487983.455471	535760.152056	398226.025843	178781.068331	110461.430317	53801.2331077	27238.2432288	0.129811235347	0.318759302208	0.0	0.0	25590.4497812	36.8153836934	0.0	0.0	33289.1996244	55.22307554	2.8000359535217285	2.4854888916015625	3.015511035919189	2.1264896392822266	3.9346022605895996	4.759401321411133	3.608731508255005	3.6685338020324707	2.140897035598755	1.4097864627838135
Emissionslinien	Emissionslinien	145	13	8	883,897	p1	7	physics	1	15			0	0	0	0	0	0	0	1	0	0	0	0	NN	Emissionslinien	15.0	nn	Emissionslinie	14.0	e-mis-si-ons-li-ni-en	7.0																													3.789227962493897	3.159364461898804	4.671082973480225	5.418663024902344	13.095420837402344	13.008771896362305	8.893518447875977	7.203164100646973	5.919737100601196	7.8900816440582275
etwa	etwa	146	14	8	898,901	p1	7	physics	1	4			0	0	0	0	0	0	0	0	0	0	0	0	ADV	etwa	4.0	adv	etwa	4.0	et-wa	2.0	382.348444643	382.348444643	395.493971668	382.405670196	1.7123434276	1461.38523991	702.131456638	3277.83062376	4892.16517265	1354004.10505	3118736.88987	84849.8806565	106584.816651	55710.5718576	35306.3810478	45007.5949345	1193.08737883	1013.96322295	0.0141229231129	0.183056295258	0.0	0.0	13.2027525785	1.7123434276	618.739028891	0.428085856899	632.644838263	5.56511613969	9.160478591918944	8.332846641540527	9.19456672668457	8.660501480102539	8.45399284362793	8.747770309448242	8.861227035522461	8.360227584838867	5.54899263381958	5.077682018280029
Hyperfeinstrukturenaufspaltungen	Hyperfeinstrukturenaufspaltungen	147	15	8	902,933	p1	7	physics	1	32			0	0	0	0	0	0	0	1	0	0	0	0	NN	Hyperfeinstrukturenaufspaltungen	32.0	nn	Hyperfeinstrukturenaufspaltung	30.0	hy-per-fein-struk-tu-ren-auf-spal-tung	9.0																													32.684654235839844	35.74542617797852	29.72104835510254	26.426475524902344	50.48344421386719	50.14317321777344	37.220149993896484	33.74351501464844	14.97048453791649	13.784753745712806
in	in	148	16	8	934,935	p1	7	physics	1	2			0	0	0	0	0	0	0	0	0	0	0	0	APPR	in	2.0	appr	in	2.0	in	1.0	13129.4221199	13165.4578681	14298.1641135	0.0	0.0	8527.89894355	19687.5208529	18583.5486983	15158.092107	842500.587604	1735372.30627	309490.415689	350022.68855	273957.116004	252232.89583	37971.7622471	15391.66268	-0.00817507899599	0.0682365415668	0.281559937821	0.0	0.0	9683.14399346	42.380499833	0.0	0.0	17389.6438116	75.7711966712	2.277417659759521	1.9798789024353027	3.024212598800659	3.5416438579559326	2.686631441116333	3.353776454925537	2.0446672439575195	2.6287176609039307	0.2019263356924057	0.15632480382919312
einer	einer	149	17	8	936,940	p1	7	physics	1	5			0	0	0	0	0	0	0	0	0	0	0	0	ART	einer	5.0	art	eine	4.0	ei-ner	2.0	2342.47896043	2431.18674262	17543.4333976	7303.86082739	14.1268332777	4894.732861	4237.55615733	21798.3739882	14462.4525895	2727078.92811	5805735.49431	528986.765912	752729.903509	325207.675415	207395.611264	45007.5949345	21503.4825387	20569.6023896	0.0318816192149	0.182077876037	0.0	0.0	4849.55496137	17.9796059898	4602.28334698	0.428085856899	10773.3725284	33.3906968382	4.167763710021973	3.6419003009796143	4.179466724395752	4.117142677307129	2.9497876167297363	3.3976757526397705	3.840036392211914	4.0060248374938965	0.6877098083496094	0.22781240940093994
Probe	Probe	150	18	8	941,945	p1	7	physics	1	5			0	0	0	0	0	0	0	0	0	0	0	0	NN	Probe	5.0	nn	Probe	5.0	pro-be	2.0	12.6386721278	12.6877226018	19.7101154593	96.8665110235	26.1132372709	96.1902120471	23.6656088269	24637.8977516	60012.500107	1316679.88264	3098678.07087	200338.919155	349267.973185	150310.141651	225061.002235	10343.3797233	3039.31451897	1551.10678838	0.00816241885309	0.111006277623	0.0	0.0	7.15319412149	6.84937371039	0.0	0.0	14.6415664818	10.7021464225	2.688661575317383	2.989670515060425	3.7436368465423584	1.96686589717865	5.116434574127197	6.054429054260254	2.031877040863037	2.897498607635498	2.7805559635162354	3.3094253540039062
zu	zu	151	19	8	946,947	p1	7	physics	1	2			0	0	0	0	0	0	0	0	0	0	0	0	PTKZU	zu	2.0	ptkzu	zu	2.0	zu	1.0	5677.21630908	8897.95218113	9058.93583672	0.0	0.0	7088.44961045	13807.9438853	16158.8284432	13822.8923193	227861.336305	547892.533326	51760.5780638	28442.4524183	57219.5279387	16021.5412803	19838.2434724	15326.7362026	-0.00817507899599	0.0592554444736	0.308475260123	0.0	0.0	1383.3868677	35.9592119796	0.0	0.0	4752.13254498	50.5141311141	0.7916480898857117	0.6933894157409668	0.6059808731079102	0.7283137440681458	0.48412373661994934	0.4744071364402771	0.636974573135376	0.9255779981613159	4.7801782784517854e-05	0.00013660451804753393
analysieren	analysieren.	152	20	8	948,958	p1	7	physics	1	11		$.	0	0	0	0	1	1	0	0	0	0	0	0	VVINF	analysieren	11.0	vvinf	analysieren	11.0	a-naly-sie-ren	4.0	3.91586283908	4.16929028796	10.0308219281	9.47491655636	17.9796059898	35.803434104	7.89888189697	26688.6653682	59809.5874109	4130798.05113	9415811.35112	806145.373653	1470388.44511	412330.555035	547124.119213	41334.1231877	8435.34898599	47.4236332558	0.015297163878	0.210963670281	0.0	0.0	0.179851737912	0.428085856899	0.0	0.0	1.05458519048	2.1404292845	3.4671518802642822	3.281041145324707	3.125250816345215	3.2524449825286865	4.468113899230957	4.702328205108643	3.5829453468322754	3.4254915714263916	30.968289244905463	31.109621138850343
